rocid,slot,channel,group,hits_per_frame
29,5,11,fadc,121.535
29,5,7,fadc,120.577
29,6,10,fadc,95.495
29,6,9,fadc,93.933
84,6,11,fadc,92.431
29,6,11,fadc,84.261
84,5,11,fadc,83.57
84,6,9,fadc,81.274
84,5,8,fadc,80.011
84,5,14,fadc,77.736
29,5,12,fadc,77.518
29,5,8,fadc,76.052
84,5,9,fadc,74.056
29,5,9,fadc,71.463
29,6,8,fadc,70.433
29,5,14,fadc,69.839
29,5,10,fadc,67.478
84,6,8,fadc,65.298
84,5,10,fadc,63.763
84,5,12,fadc,62.094
84,6,10,fadc,59.463
84,4,11,fadc,45.174
84,6,1,fadc,43.41
84,4,9,fadc,42.242
84,5,2,fadc,40.075
84,4,14,fadc,38.718
84,4,8,fadc,38.434
84,3,13,fadc,38.092
29,5,4,fadc,37.894
84,3,15,fadc,37.887
29,5,3,fadc,37.508
84,4,12,fadc,37.481
29,4,14,fadc,37.413
84,4,13,fadc,37.335
29,6,4,fadc,37.293
84,5,0,fadc,37.288
29,4,11,fadc,37.101
29,6,3,fadc,36.902
84,6,2,fadc,36.851
29,5,6,fadc,36.805
84,6,3,fadc,36.577
29,4,13,fadc,36.334
84,3,11,fadc,36.288
84,6,4,fadc,36.214
29,6,1,fadc,36.074
29,5,1,fadc,35.935
29,4,12,fadc,35.729
84,3,14,fadc,35.686
84,4,15,fadc,35.572
84,6,6,fadc,35.54
29,4,15,fadc,35.528
29,6,2,fadc,35.069
29,3,13,fadc,35.052
84,3,12,fadc,34.855
29,3,14,fadc,34.543
29,5,2,fadc,34.494
29,6,6,fadc,34.395
84,3,9,fadc,34.295
84,5,3,fadc,33.822
29,3,11,fadc,33.787
29,4,9,fadc,33.617
84,6,0,fadc,33.583
29,3,12,fadc,33.405
29,3,9,fadc,32.89
29,6,0,fadc,32.691
29,3,15,fadc,32.506
29,4,5,fadc,32.309
29,4,8,fadc,31.879
84,3,4,fadc,31.653
29,5,5,fadc,31.234
29,3,8,fadc,30.729
84,3,8,fadc,30.137
29,3,5,fadc,29.781
84,4,10,fadc,29.751
29,4,7,fadc,29.201
29,4,10,fadc,29.147
29,4,4,fadc,28.37
29,3,7,fadc,28.192
84,4,7,fadc,27.732
84,3,5,fadc,27.634
84,4,5,fadc,27.594
29,3,10,fadc,27.46
29,3,4,fadc,27.263
84,3,10,fadc,26.887
29,4,6,fadc,26.777
84,16,11,fadc,25.961
84,3,7,fadc,25.214
29,3,6,fadc,24.339
84,5,6,fadc,24.269
29,16,4,fadc,23.691
29,15,4,fadc,22.987
84,15,5,fadc,22.589
84,5,7,fadc,22.305
84,14,11,fadc,22.243
84,3,6,fadc,22.101
84,10,11,fadc,22.039
84,16,9,fadc,22.033
84,4,3,fadc,21.7
84,16,4,fadc,21.62
84,15,1,fadc,21.608
84,15,6,fadc,21.501
29,16,9,fadc,21.46
29,13,11,fadc,21.089
29,14,11,fadc,21.05
29,14,4,fadc,20.893
84,15,14,fadc,20.839
29,14,1,fadc,20.783
84,13,14,fadc,20.735
84,13,2,fadc,20.561
84,4,1,fadc,20.443
84,14,4,fadc,20.413
29,10,11,fadc,20.398
29,13,1,fadc,20.263
29,13,2,fadc,19.937
84,15,11,fadc,19.897
84,15,2,fadc,19.881
29,14,5,fadc,19.855
84,13,13,fadc,19.822
29,9,12,fadc,19.818
29,9,11,fadc,19.807
84,15,12,fadc,19.784
29,14,14,fadc,19.665
29,15,5,fadc,19.657
84,16,2,fadc,19.657
84,13,5,fadc,19.655
84,9,11,fadc,19.617
29,13,4,fadc,19.559
84,3,3,fadc,19.545
29,13,14,fadc,19.461
84,15,4,fadc,19.384
29,9,14,fadc,19.369
29,15,3,fadc,19.353
84,13,4,fadc,19.297
84,10,8,fadc,19.233
29,9,15,fadc,19.157
84,14,1,fadc,19.151
29,14,9,fadc,19.12
29,15,0,fadc,19.085
84,14,14,fadc,19.016
29,15,12,fadc,18.971
29,14,6,fadc,18.948
84,14,12,fadc,18.916
84,13,1,fadc,18.912
84,15,0,fadc,18.845
84,16,14,fadc,18.843
29,16,0,fadc,18.804
29,16,7,fadc,18.801
84,16,5,fadc,18.751
29,14,7,fadc,18.746
29,14,12,fadc,18.641
84,9,14,fadc,18.63
84,10,14,fadc,18.592
84,10,4,fadc,18.582
29,13,3,fadc,18.571
84,9,9,fadc,18.557
29,16,11,fadc,18.55
29,13,5,fadc,18.549
29,15,14,fadc,18.549
84,13,8,fadc,18.535
84,3,1,fadc,18.514
84,16,1,fadc,18.495
29,16,6,fadc,18.486
29,10,8,fadc,18.457
84,14,2,fadc,18.392
29,14,8,fadc,18.324
29,15,1,fadc,18.269
84,10,9,fadc,18.269
84,10,5,fadc,18.264
84,16,7,fadc,18.256
29,14,2,fadc,18.243
84,13,15,fadc,18.206
29,13,9,fadc,18.166
29,16,1,fadc,18.157
84,9,13,fadc,18.157
84,9,5,fadc,18.148
84,16,6,fadc,18.095
29,10,4,fadc,18.077
29,15,2,fadc,18.067
84,9,8,fadc,18.065
84,14,8,fadc,18.045
29,13,13,fadc,18.015
29,3,3,fadc,18.004
84,10,15,fadc,17.991
84,13,6,fadc,17.954
84,16,3,fadc,17.949
84,14,9,fadc,17.931
84,14,15,fadc,17.924
84,15,8,fadc,17.919
29,14,13,fadc,17.875
29,13,8,fadc,17.863
29,9,13,fadc,17.858
84,13,12,fadc,17.848
84,14,5,fadc,17.837
29,3,1,fadc,17.832
29,16,3,fadc,17.823
29,13,6,fadc,17.814
84,10,13,fadc,17.802
29,16,12,fadc,17.789
84,10,12,fadc,17.789
29,16,5,fadc,17.775
84,4,6,fadc,17.759
84,13,3,fadc,17.637
29,13,15,fadc,17.574
29,10,7,fadc,17.561
84,15,3,fadc,17.539
84,9,15,fadc,17.528
29,14,0,fadc,17.456
29,14,3,fadc,17.455
29,13,12,fadc,17.437
29,9,9,fadc,17.414
84,13,7,fadc,17.385
29,10,13,fadc,17.366
29,10,9,fadc,17.343
84,16,12,fadc,17.329
84,14,6,fadc,17.31
29,15,8,fadc,17.263
84,14,13,fadc,17.162
29,14,15,fadc,17.14
84,13,9,fadc,17.136
29,16,14,fadc,17.103
84,13,0,fadc,17.102
29,9,8,fadc,17.08
84,14,0,fadc,17.005
84,14,3,fadc,16.998
29,13,0,fadc,16.997
84,10,1,fadc,16.959
29,13,10,fadc,16.872
29,15,7,fadc,16.769
84,10,6,fadc,16.73
84,9,6,fadc,16.672
29,13,7,fadc,16.67
29,9,5,fadc,16.555
84,9,4,fadc,16.545
84,15,7,fadc,16.539
29,16,2,fadc,16.473
29,10,14,fadc,16.373
29,10,5,fadc,16.369
84,9,12,fadc,16.325
29,15,6,fadc,16.195
84,10,7,fadc,16.167
29,10,12,fadc,16.136
84,14,10,fadc,16.051
29,9,6,fadc,16.05
29,10,1,fadc,16.029
29,16,8,fadc,15.962
84,10,10,fadc,15.865
29,10,3,fadc,15.746
29,10,15,fadc,15.671
29,14,10,fadc,15.533
84,14,7,fadc,15.511
29,10,6,fadc,15.432
29,10,2,fadc,15.353
84,16,8,fadc,15.333
84,16,0,fadc,15.324
44,9,38,dcrb,15.321
84,9,7,fadc,15.28
29,4,2,fadc,15.264
84,9,1,fadc,15.254
29,9,10,fadc,15.223
84,4,2,fadc,15.167
29,15,11,fadc,15.157
29,9,7,fadc,15.047
84,10,2,fadc,15.02
29,10,10,fadc,14.949
84,10,3,fadc,14.916
84,15,9,fadc,14.786
44,9,88,dcrb,14.704
29,8,15,fadc,14.696
84,13,11,fadc,14.644
29,4,0,fadc,14.569
29,10,0,fadc,14.49
29,9,3,fadc,14.447
29,15,9,fadc,14.418
53,3,90,dcrb,14.165
44,9,84,dcrb,14.159
53,3,88,dcrb,14.113
53,3,94,dcrb,14.109
53,3,87,dcrb,14.102
84,9,3,fadc,14.086
44,19,79,dcrb,14.069
53,3,84,dcrb,14.049
53,3,93,dcrb,14.049
29,9,1,fadc,14.015
84,15,10,fadc,14.001
29,7,13,fadc,13.999
84,8,15,fadc,13.962
84,10,0,fadc,13.931
53,3,85,dcrb,13.92
53,3,81,dcrb,13.912
53,3,83,dcrb,13.872
53,3,95,dcrb,13.871
53,3,82,dcrb,13.844
53,3,91,dcrb,13.791
53,3,89,dcrb,13.752
53,3,92,dcrb,13.706
29,8,13,fadc,13.688
29,9,0,fadc,13.658
53,3,79,dcrb,13.579
29,9,2,fadc,13.542
84,9,2,fadc,13.507
53,3,80,dcrb,13.484
53,3,86,dcrb,13.465
44,6,46,dcrb,13.409
84,9,0,fadc,13.398
84,4,0,fadc,13.229
29,16,10,fadc,13.171
53,6,55,dcrb,13.123
53,3,73,dcrb,13.096
29,7,15,fadc,13.006
29,9,4,fadc,13.0
29,15,10,fadc,12.972
53,3,72,dcrb,12.97
53,3,76,dcrb,12.967
53,3,78,dcrb,12.905
29,8,14,fadc,12.833
53,3,60,dcrb,12.817
53,3,77,dcrb,12.701
84,7,15,fadc,12.626
84,8,13,fadc,12.573
29,8,11,fadc,12.399
53,3,74,dcrb,12.398
84,7,13,fadc,12.361
53,3,75,dcrb,12.221
29,7,14,fadc,12.165
84,16,10,fadc,12.162
53,3,69,dcrb,12.052
29,7,12,fadc,12.051
53,3,70,dcrb,12.022
53,3,71,dcrb,11.975
53,3,68,dcrb,11.944
29,8,12,fadc,11.922
29,7,11,fadc,11.906
53,3,66,dcrb,11.824
53,3,67,dcrb,11.798
29,8,9,fadc,11.471
84,9,10,fadc,11.432
84,8,14,fadc,11.257
53,3,64,dcrb,11.25
29,4,3,fadc,11.214
84,8,9,fadc,11.161
84,7,14,fadc,11.051
84,7,12,fadc,10.996
84,8,11,fadc,10.99
29,7,9,fadc,10.981
44,17,78,dcrb,10.869
53,9,42,dcrb,10.782
54,9,92,dcrb,10.777
84,8,12,fadc,10.771
29,8,8,fadc,10.658
53,3,65,dcrb,10.625
44,3,74,dcrb,10.443
44,3,72,dcrb,10.434
53,17,40,dcrb,10.428
84,7,11,fadc,10.408
44,3,79,dcrb,10.363
44,3,78,dcrb,10.289
53,17,48,dcrb,10.246
44,3,84,dcrb,10.233
44,3,93,dcrb,10.196
44,3,87,dcrb,10.167
44,3,85,dcrb,10.131
44,3,82,dcrb,10.066
44,3,94,dcrb,10.041
44,3,71,dcrb,10.035
44,3,76,dcrb,10.012
84,7,9,fadc,9.978
44,15,84,dcrb,9.907
44,3,88,dcrb,9.898
44,3,86,dcrb,9.892
44,3,83,dcrb,9.791
44,3,77,dcrb,9.784
53,4,92,dcrb,9.746
44,3,73,dcrb,9.729
44,3,70,dcrb,9.719
53,17,44,dcrb,9.686
53,5,50,dcrb,9.683
44,3,90,dcrb,9.681
44,3,92,dcrb,9.631
44,3,75,dcrb,9.581
44,3,80,dcrb,9.576
44,3,68,dcrb,9.489
53,5,68,dcrb,9.489
53,5,38,dcrb,9.481
53,5,57,dcrb,9.458
44,16,93,dcrb,9.456
53,5,8,dcrb,9.454
53,5,40,dcrb,9.427
84,8,8,fadc,9.426
53,16,8,dcrb,9.424
53,5,44,dcrb,9.405
53,5,26,dcrb,9.386
44,3,65,dcrb,9.351
53,5,32,dcrb,9.345
53,4,88,dcrb,9.343
53,5,20,dcrb,9.339
53,5,89,dcrb,9.337
53,5,2,dcrb,9.313
44,3,91,dcrb,9.297
53,5,69,dcrb,9.297
53,3,40,dcrb,9.291
44,3,81,dcrb,9.275
53,3,42,dcrb,9.268
53,5,9,dcrb,9.257
53,15,94,dcrb,9.247
53,5,56,dcrb,9.237
53,3,45,dcrb,9.224
53,4,87,dcrb,9.221
44,3,69,dcrb,9.22
53,16,6,dcrb,9.21
53,15,93,dcrb,9.192
53,3,41,dcrb,9.181
53,4,74,dcrb,9.18
44,3,67,dcrb,9.166
44,6,68,dcrb,9.163
53,14,79,dcrb,9.162
53,16,9,dcrb,9.159
53,3,36,dcrb,9.153
53,4,68,dcrb,9.15
53,3,37,dcrb,9.144
53,4,82,dcrb,9.136
53,6,56,dcrb,9.133
53,3,39,dcrb,9.131
44,16,61,dcrb,9.126
53,5,27,dcrb,9.123
53,4,69,dcrb,9.117
44,16,29,dcrb,9.114
53,5,73,dcrb,9.105
53,4,75,dcrb,9.101
53,4,76,dcrb,9.101
53,5,21,dcrb,9.09
53,5,58,dcrb,9.085
53,3,34,dcrb,9.081
53,16,57,dcrb,9.073
44,16,20,dcrb,9.065
44,16,4,dcrb,9.05
53,5,59,dcrb,9.035
53,15,40,dcrb,9.033
53,5,6,dcrb,9.03
53,5,41,dcrb,9.03
53,6,54,dcrb,9.023
53,5,43,dcrb,9.02
53,5,82,dcrb,9.019
53,5,34,dcrb,9.017
44,3,66,dcrb,9.01
53,3,33,dcrb,9.01
53,3,43,dcrb,9.005
53,5,52,dcrb,8.993
53,4,80,dcrb,8.976
53,5,42,dcrb,8.966
53,5,29,dcrb,8.959
53,16,15,dcrb,8.959
53,16,46,dcrb,8.959
54,20,20,dcrb,8.955
53,4,93,dcrb,8.948
53,3,44,dcrb,8.946
53,15,75,dcrb,8.945
53,4,51,dcrb,8.93
53,4,81,dcrb,8.93
53,4,50,dcrb,8.926
53,3,46,dcrb,8.925
44,16,16,dcrb,8.919
53,15,84,dcrb,8.919
44,16,60,dcrb,8.918
53,15,74,dcrb,8.911
53,4,89,dcrb,8.909
53,5,25,dcrb,8.903
53,17,9,dcrb,8.9
53,17,75,dcrb,8.896
53,16,56,dcrb,8.89
44,4,54,dcrb,8.889
53,16,3,dcrb,8.887
44,3,64,dcrb,8.884
53,5,74,dcrb,8.882
53,15,69,dcrb,8.877
53,5,24,dcrb,8.876
53,5,14,dcrb,8.875
53,7,9,dcrb,8.874
53,4,84,dcrb,8.873
53,15,92,dcrb,8.872
53,5,15,dcrb,8.871
29,3,2,fadc,8.87
44,16,39,dcrb,8.867
53,5,10,dcrb,8.866
53,4,86,dcrb,8.865
53,5,3,dcrb,8.86
53,16,0,dcrb,8.859
53,17,52,dcrb,8.859
44,16,10,dcrb,8.853
53,15,87,dcrb,8.853
53,16,27,dcrb,8.85
53,4,62,dcrb,8.848
53,5,66,dcrb,8.848
53,5,88,dcrb,8.847
53,5,72,dcrb,8.845
53,4,83,dcrb,8.842
53,4,78,dcrb,8.839
53,4,48,dcrb,8.838
29,8,5,fadc,8.837
44,16,6,dcrb,8.837
53,16,21,dcrb,8.837
53,4,36,dcrb,8.836
53,5,45,dcrb,8.83
53,4,33,dcrb,8.828
44,16,14,dcrb,8.824
53,15,78,dcrb,8.824
44,16,15,dcrb,8.823
53,4,52,dcrb,8.821
53,16,24,dcrb,8.818
53,5,4,dcrb,8.813
53,5,60,dcrb,8.813
53,5,86,dcrb,8.812
53,16,12,dcrb,8.812
53,5,63,dcrb,8.811
44,8,72,dcrb,8.81
53,16,16,dcrb,8.81
53,15,81,dcrb,8.809
53,4,37,dcrb,8.807
53,4,45,dcrb,8.803
53,5,0,dcrb,8.801
53,15,95,dcrb,8.801
53,5,53,dcrb,8.79
53,4,64,dcrb,8.789
44,16,3,dcrb,8.787
53,4,57,dcrb,8.787
53,5,16,dcrb,8.787
53,16,63,dcrb,8.783
53,16,39,dcrb,8.782
53,4,53,dcrb,8.781
53,5,5,dcrb,8.781
53,4,71,dcrb,8.78
53,4,63,dcrb,8.779
53,5,18,dcrb,8.778
53,5,55,dcrb,8.777
53,6,89,dcrb,8.776
53,16,75,dcrb,8.775
53,16,45,dcrb,8.773
53,15,90,dcrb,8.769
53,15,64,dcrb,8.768
53,6,2,dcrb,8.767
53,16,4,dcrb,8.767
53,16,33,dcrb,8.766
53,4,44,dcrb,8.765
44,16,27,dcrb,8.764
29,7,8,fadc,8.761
53,4,90,dcrb,8.755
53,4,77,dcrb,8.754
53,6,74,dcrb,8.753
44,15,76,dcrb,8.75
53,5,12,dcrb,8.747
53,6,50,dcrb,8.747
44,15,90,dcrb,8.739
53,4,38,dcrb,8.739
53,4,56,dcrb,8.738
53,4,66,dcrb,8.738
53,4,39,dcrb,8.735
53,4,42,dcrb,8.735
53,4,72,dcrb,8.735
53,4,70,dcrb,8.732
53,5,85,dcrb,8.731
44,16,8,dcrb,8.73
53,4,91,dcrb,8.73
44,16,33,dcrb,8.728
53,5,23,dcrb,8.728
53,5,33,dcrb,8.728
44,16,9,dcrb,8.725
53,5,28,dcrb,8.725
53,5,62,dcrb,8.725
44,15,93,dcrb,8.723
53,16,18,dcrb,8.723
44,16,57,dcrb,8.718
44,15,63,dcrb,8.717
44,16,21,dcrb,8.717
53,15,63,dcrb,8.717
53,5,92,dcrb,8.713
53,16,51,dcrb,8.712
53,5,11,dcrb,8.707
53,4,94,dcrb,8.706
53,6,8,dcrb,8.706
53,4,32,dcrb,8.703
44,16,11,dcrb,8.701
53,5,1,dcrb,8.701
53,4,54,dcrb,8.699
53,4,79,dcrb,8.699
44,4,66,dcrb,8.697
53,16,10,dcrb,8.697
44,16,26,dcrb,8.696
44,16,32,dcrb,8.696
44,4,71,dcrb,8.695
44,15,75,dcrb,8.694
44,15,87,dcrb,8.694
53,5,17,dcrb,8.694
53,4,60,dcrb,8.693
53,15,68,dcrb,8.693
53,16,14,dcrb,8.693
53,4,65,dcrb,8.69
53,4,46,dcrb,8.685
53,15,60,dcrb,8.685
53,5,13,dcrb,8.683
44,15,81,dcrb,8.681
44,15,92,dcrb,8.68
53,5,22,dcrb,8.678
53,4,85,dcrb,8.677
53,4,73,dcrb,8.676
53,5,7,dcrb,8.675
53,5,31,dcrb,8.675
53,15,57,dcrb,8.675
53,15,88,dcrb,8.675
53,16,40,dcrb,8.673
53,4,58,dcrb,8.672
53,5,36,dcrb,8.672
53,5,37,dcrb,8.672
53,15,72,dcrb,8.672
53,16,1,dcrb,8.671
53,16,88,dcrb,8.671
44,4,49,dcrb,8.67
53,4,61,dcrb,8.67
44,18,9,dcrb,8.669
44,15,72,dcrb,8.668
53,3,38,dcrb,8.667
53,6,57,dcrb,8.667
53,16,60,dcrb,8.667
53,5,39,dcrb,8.663
53,4,49,dcrb,8.662
44,16,2,dcrb,8.658
44,16,45,dcrb,8.657
53,4,55,dcrb,8.655
53,15,82,dcrb,8.653
53,5,19,dcrb,8.652
53,5,75,dcrb,8.651
44,4,82,dcrb,8.65
44,16,24,dcrb,8.647
44,6,78,dcrb,8.644
53,15,86,dcrb,8.643
53,16,2,dcrb,8.643
53,16,28,dcrb,8.64
53,16,62,dcrb,8.639
53,15,70,dcrb,8.637
53,16,87,dcrb,8.636
44,4,52,dcrb,8.635
44,7,70,dcrb,8.635
53,4,95,dcrb,8.635
53,6,60,dcrb,8.635
53,4,47,dcrb,8.633
53,5,93,dcrb,8.632
53,15,66,dcrb,8.629
53,15,76,dcrb,8.629
53,16,90,dcrb,8.629
53,15,73,dcrb,8.627
44,5,42,dcrb,8.626
53,4,43,dcrb,8.626
53,4,59,dcrb,8.625
53,15,71,dcrb,8.625
44,16,12,dcrb,8.623
53,16,7,dcrb,8.622
44,16,38,dcrb,8.62
53,6,10,dcrb,8.619
53,6,73,dcrb,8.619
53,16,23,dcrb,8.619
53,5,30,dcrb,8.617
53,5,61,dcrb,8.611
53,6,53,dcrb,8.611
53,16,22,dcrb,8.611
44,16,13,dcrb,8.607
53,15,45,dcrb,8.607
53,4,67,dcrb,8.604
53,16,36,dcrb,8.604
53,5,35,dcrb,8.603
53,16,30,dcrb,8.603
53,16,54,dcrb,8.603
53,16,13,dcrb,8.602
53,16,25,dcrb,8.601
44,4,90,dcrb,8.6
53,15,85,dcrb,8.599
53,16,17,dcrb,8.599
53,15,79,dcrb,8.598
44,4,70,dcrb,8.597
53,15,80,dcrb,8.597
53,16,48,dcrb,8.596
53,15,51,dcrb,8.595
53,6,11,dcrb,8.594
53,5,51,dcrb,8.593
53,16,69,dcrb,8.593
53,5,64,dcrb,8.591
53,16,64,dcrb,8.591
44,15,74,dcrb,8.59
44,4,67,dcrb,8.588
53,6,26,dcrb,8.587
44,4,78,dcrb,8.586
53,16,66,dcrb,8.586
53,16,19,dcrb,8.584
44,16,18,dcrb,8.583
53,5,46,dcrb,8.582
53,4,27,dcrb,8.581
53,5,49,dcrb,8.579
53,16,34,dcrb,8.579
53,6,30,dcrb,8.578
44,5,18,dcrb,8.575
53,15,83,dcrb,8.575
53,5,84,dcrb,8.573
44,4,5,dcrb,8.572
44,4,79,dcrb,8.572
44,4,84,dcrb,8.572
53,4,41,dcrb,8.571
53,6,29,dcrb,8.57
44,15,39,dcrb,8.569
53,16,93,dcrb,8.568
44,3,15,dcrb,8.567
44,4,55,dcrb,8.567
44,4,58,dcrb,8.567
44,4,85,dcrb,8.566
53,5,47,dcrb,8.564
44,15,82,dcrb,8.563
44,15,94,dcrb,8.563
44,16,7,dcrb,8.563
53,6,68,dcrb,8.563
53,4,40,dcrb,8.561
53,15,91,dcrb,8.561
53,16,42,dcrb,8.561
53,16,20,dcrb,8.559
29,8,7,fadc,8.558
53,4,34,dcrb,8.558
44,5,43,dcrb,8.557
53,16,38,dcrb,8.557
53,15,67,dcrb,8.556
29,3,0,fadc,8.555
44,5,0,dcrb,8.554
44,4,64,dcrb,8.549
53,6,69,dcrb,8.549
44,16,51,dcrb,8.544
44,4,73,dcrb,8.543
53,5,48,dcrb,8.543
53,3,35,dcrb,8.542
53,4,21,dcrb,8.542
44,15,80,dcrb,8.541
53,5,87,dcrb,8.541
53,6,14,dcrb,8.541
44,4,91,dcrb,8.54
53,16,5,dcrb,8.538
44,16,44,dcrb,8.535
53,4,26,dcrb,8.535
44,15,69,dcrb,8.534
53,15,89,dcrb,8.534
53,7,8,dcrb,8.533
44,4,83,dcrb,8.532
44,6,26,dcrb,8.53
44,4,76,dcrb,8.527
53,15,77,dcrb,8.526
53,5,94,dcrb,8.525
53,16,31,dcrb,8.523
44,4,61,dcrb,8.522
44,4,72,dcrb,8.521
53,16,11,dcrb,8.521
44,15,73,dcrb,8.52
44,16,30,dcrb,8.518
44,4,48,dcrb,8.517
44,4,94,dcrb,8.515
44,15,78,dcrb,8.515
44,5,52,dcrb,8.513
53,5,54,dcrb,8.512
44,15,85,dcrb,8.511
44,4,46,dcrb,8.51
53,5,80,dcrb,8.509
53,15,65,dcrb,8.509
44,4,53,dcrb,8.508
44,16,5,dcrb,8.508
53,4,28,dcrb,8.508
44,4,88,dcrb,8.507
53,5,81,dcrb,8.507
53,6,12,dcrb,8.505
53,16,32,dcrb,8.505
53,16,74,dcrb,8.502
44,15,62,dcrb,8.5
53,6,75,dcrb,8.5
53,15,54,dcrb,8.5
44,5,10,dcrb,8.499
44,5,12,dcrb,8.498
53,15,61,dcrb,8.498
44,5,49,dcrb,8.497
53,16,29,dcrb,8.497
44,5,23,dcrb,8.496
44,15,45,dcrb,8.496
53,15,58,dcrb,8.496
44,15,66,dcrb,8.495
53,16,43,dcrb,8.495
44,5,19,dcrb,8.493
44,16,19,dcrb,8.493
44,5,4,dcrb,8.492
44,16,22,dcrb,8.492
44,15,64,dcrb,8.49
53,16,52,dcrb,8.49
53,16,67,dcrb,8.49
44,4,95,dcrb,8.489
53,4,20,dcrb,8.488
53,6,72,dcrb,8.488
44,5,1,dcrb,8.487
53,16,26,dcrb,8.487
44,15,88,dcrb,8.486
44,16,28,dcrb,8.486
53,4,35,dcrb,8.484
44,15,91,dcrb,8.482
53,15,48,dcrb,8.482
44,4,77,dcrb,8.48
44,15,38,dcrb,8.48
53,16,65,dcrb,8.48
44,4,60,dcrb,8.478
44,5,6,dcrb,8.478
44,18,2,dcrb,8.478
29,7,10,fadc,8.476
44,5,13,dcrb,8.476
44,5,16,dcrb,8.474
44,6,32,dcrb,8.474
44,4,87,dcrb,8.471
53,5,70,dcrb,8.468
44,4,65,dcrb,8.466
53,5,83,dcrb,8.466
53,15,39,dcrb,8.466
44,4,42,dcrb,8.465
44,5,7,dcrb,8.465
44,5,17,dcrb,8.464
53,16,37,dcrb,8.463
53,15,42,dcrb,8.462
44,16,69,dcrb,8.46
53,16,49,dcrb,8.46
44,15,60,dcrb,8.457
44,16,48,dcrb,8.457
53,7,2,dcrb,8.456
53,4,30,dcrb,8.455
53,4,31,dcrb,8.455
44,15,86,dcrb,8.453
53,16,81,dcrb,8.453
44,5,61,dcrb,8.452
44,16,36,dcrb,8.452
53,4,24,dcrb,8.452
53,15,52,dcrb,8.45
44,16,17,dcrb,8.449
54,9,80,dcrb,8.449
44,5,48,dcrb,8.448
44,16,25,dcrb,8.448
44,4,89,dcrb,8.447
44,5,24,dcrb,8.446
44,5,88,dcrb,8.446
44,5,89,dcrb,8.445
53,16,35,dcrb,8.444
53,17,6,dcrb,8.444
44,16,34,dcrb,8.443
53,6,9,dcrb,8.443
44,4,43,dcrb,8.442
44,6,27,dcrb,8.441
53,16,72,dcrb,8.44
44,15,79,dcrb,8.439
44,4,59,dcrb,8.438
53,15,49,dcrb,8.438
44,15,61,dcrb,8.437
44,15,83,dcrb,8.436
53,15,46,dcrb,8.436
44,16,23,dcrb,8.435
53,15,55,dcrb,8.435
53,5,65,dcrb,8.434
44,5,11,dcrb,8.433
53,16,44,dcrb,8.433
44,15,89,dcrb,8.432
53,5,78,dcrb,8.431
53,17,3,dcrb,8.431
53,6,61,dcrb,8.429
53,16,41,dcrb,8.429
44,15,70,dcrb,8.428
44,5,28,dcrb,8.426
44,16,1,dcrb,8.425
44,5,5,dcrb,8.423
44,6,33,dcrb,8.423
44,15,71,dcrb,8.423
53,15,62,dcrb,8.423
44,5,40,dcrb,8.421
44,4,40,dcrb,8.42
53,15,50,dcrb,8.419
44,15,77,dcrb,8.416
44,16,46,dcrb,8.415
53,6,3,dcrb,8.413
44,5,22,dcrb,8.412
44,16,50,dcrb,8.412
53,6,40,dcrb,8.412
44,4,47,dcrb,8.411
44,5,76,dcrb,8.41
44,5,84,dcrb,8.41
53,5,67,dcrb,8.408
44,4,34,dcrb,8.405
53,15,33,dcrb,8.405
44,15,57,dcrb,8.403
44,15,95,dcrb,8.402
53,6,15,dcrb,8.402
53,15,59,dcrb,8.402
44,5,36,dcrb,8.401
44,16,41,dcrb,8.398
53,15,56,dcrb,8.396
44,15,67,dcrb,8.395
44,16,56,dcrb,8.395
44,3,60,dcrb,8.392
53,5,95,dcrb,8.39
53,5,71,dcrb,8.389
53,6,41,dcrb,8.389
53,16,53,dcrb,8.389
53,4,22,dcrb,8.387
53,15,36,dcrb,8.387
44,16,42,dcrb,8.386
44,16,54,dcrb,8.385
53,5,77,dcrb,8.384
44,4,36,dcrb,8.383
44,16,31,dcrb,8.383
44,16,35,dcrb,8.381
53,16,58,dcrb,8.381
53,17,85,dcrb,8.379
44,5,34,dcrb,8.378
44,16,63,dcrb,8.378
53,5,76,dcrb,8.378
53,16,50,dcrb,8.377
53,5,79,dcrb,8.376
44,5,30,dcrb,8.375
44,16,66,dcrb,8.375
44,4,12,dcrb,8.371
44,15,44,dcrb,8.371
44,4,37,dcrb,8.37
44,4,30,dcrb,8.367
44,5,25,dcrb,8.367
53,16,55,dcrb,8.367
44,15,65,dcrb,8.366
44,16,40,dcrb,8.366
44,16,62,dcrb,8.365
53,16,82,dcrb,8.365
44,5,77,dcrb,8.364
44,5,29,dcrb,8.363
44,4,13,dcrb,8.362
44,5,31,dcrb,8.362
53,3,47,dcrb,8.362
44,15,58,dcrb,8.359
53,15,37,dcrb,8.359
44,5,41,dcrb,8.358
53,6,0,dcrb,8.357
44,16,47,dcrb,8.353
53,17,8,dcrb,8.353
53,16,47,dcrb,8.352
53,4,29,dcrb,8.351
53,6,82,dcrb,8.348
44,15,68,dcrb,8.347
53,5,90,dcrb,8.347
53,6,45,dcrb,8.345
53,6,88,dcrb,8.345
53,4,15,dcrb,8.344
53,17,15,dcrb,8.344
44,5,37,dcrb,8.342
44,17,9,dcrb,8.342
53,16,76,dcrb,8.341
44,4,41,dcrb,8.339
44,4,35,dcrb,8.338
53,4,9,dcrb,8.338
53,6,6,dcrb,8.338
44,4,28,dcrb,8.334
53,16,78,dcrb,8.332
44,16,84,dcrb,8.331
53,16,84,dcrb,8.33
44,15,52,dcrb,8.329
53,15,44,dcrb,8.329
53,16,91,dcrb,8.328
53,17,38,dcrb,8.328
53,16,61,dcrb,8.327
53,16,70,dcrb,8.325
44,15,51,dcrb,8.324
53,4,25,dcrb,8.324
44,5,35,dcrb,8.323
44,6,62,dcrb,8.323
44,15,59,dcrb,8.323
44,16,37,dcrb,8.319
53,15,53,dcrb,8.316
44,16,43,dcrb,8.315
44,4,31,dcrb,8.312
53,6,39,dcrb,8.312
53,6,46,dcrb,8.311
29,8,10,fadc,8.31
44,15,56,dcrb,8.31
53,4,23,dcrb,8.309
53,16,73,dcrb,8.308
53,15,24,dcrb,8.307
53,15,43,dcrb,8.307
53,16,89,dcrb,8.307
53,6,1,dcrb,8.306
53,16,68,dcrb,8.303
53,15,47,dcrb,8.302
44,5,46,dcrb,8.3
53,6,13,dcrb,8.3
44,5,47,dcrb,8.298
53,6,21,dcrb,8.298
44,16,52,dcrb,8.295
53,4,18,dcrb,8.294
44,3,22,dcrb,8.292
53,6,27,dcrb,8.292
44,16,75,dcrb,8.291
53,6,23,dcrb,8.291
44,5,53,dcrb,8.29
44,16,92,dcrb,8.29
53,16,59,dcrb,8.286
84,8,5,fadc,8.284
44,16,64,dcrb,8.284
53,6,34,dcrb,8.284
44,15,49,dcrb,8.283
44,16,81,dcrb,8.283
53,6,87,dcrb,8.283
44,5,55,dcrb,8.281
44,15,50,dcrb,8.281
44,16,49,dcrb,8.281
44,4,24,dcrb,8.278
53,6,4,dcrb,8.278
53,6,18,dcrb,8.278
44,5,85,dcrb,8.277
44,6,30,dcrb,8.277
44,15,54,dcrb,8.275
44,15,53,dcrb,8.272
44,15,48,dcrb,8.269
44,15,55,dcrb,8.269
53,5,91,dcrb,8.269
53,17,4,dcrb,8.269
53,6,7,dcrb,8.263
44,6,24,dcrb,8.262
44,16,88,dcrb,8.262
53,6,22,dcrb,8.261
84,3,2,fadc,8.26
44,3,33,dcrb,8.259
53,17,0,dcrb,8.258
44,16,55,dcrb,8.256
44,5,64,dcrb,8.255
44,6,20,dcrb,8.254
44,16,0,dcrb,8.254
53,15,21,dcrb,8.253
53,15,34,dcrb,8.253
44,5,60,dcrb,8.25
53,6,5,dcrb,8.248
44,5,58,dcrb,8.247
53,15,30,dcrb,8.247
53,17,21,dcrb,8.247
53,6,33,dcrb,8.246
44,16,58,dcrb,8.245
44,15,46,dcrb,8.243
53,4,8,dcrb,8.241
44,5,54,dcrb,8.24
53,15,38,dcrb,8.24
44,3,39,dcrb,8.239
44,5,67,dcrb,8.237
53,4,14,dcrb,8.237
53,7,4,dcrb,8.236
53,4,19,dcrb,8.233
53,16,86,dcrb,8.233
53,4,4,dcrb,8.232
53,15,27,dcrb,8.232
53,4,12,dcrb,8.23
53,15,41,dcrb,8.229
44,6,44,dcrb,8.227
53,17,57,dcrb,8.227
44,15,43,dcrb,8.224
44,5,70,dcrb,8.223
44,16,78,dcrb,8.223
44,4,25,dcrb,8.222
53,4,16,dcrb,8.222
53,6,86,dcrb,8.222
44,4,29,dcrb,8.22
44,4,22,dcrb,8.219
44,4,63,dcrb,8.219
44,16,72,dcrb,8.219
44,16,87,dcrb,8.219
44,6,77,dcrb,8.218
53,16,79,dcrb,8.218
44,5,59,dcrb,8.216
53,4,3,dcrb,8.215
53,16,94,dcrb,8.215
44,5,82,dcrb,8.214
44,7,8,dcrb,8.214
53,16,71,dcrb,8.213
53,18,34,dcrb,8.213
44,4,62,dcrb,8.212
44,17,95,dcrb,8.211
44,5,66,dcrb,8.21
53,6,66,dcrb,8.207
44,5,33,dcrb,8.203
53,6,16,dcrb,8.202
53,17,28,dcrb,8.202
44,4,69,dcrb,8.2
53,18,36,dcrb,8.197
44,3,36,dcrb,8.194
44,5,73,dcrb,8.194
44,6,9,dcrb,8.191
44,16,67,dcrb,8.19
53,6,64,dcrb,8.19
53,16,85,dcrb,8.189
44,6,52,dcrb,8.187
84,3,0,fadc,8.186
44,15,47,dcrb,8.186
53,18,51,dcrb,8.186
44,6,38,dcrb,8.185
53,4,2,dcrb,8.184
53,4,17,dcrb,8.183
53,6,24,dcrb,8.183
44,5,65,dcrb,8.181
44,6,15,dcrb,8.181
44,6,21,dcrb,8.179
44,5,8,dcrb,8.178
44,16,53,dcrb,8.178
53,15,9,dcrb,8.177
53,17,10,dcrb,8.177
53,15,25,dcrb,8.176
44,5,71,dcrb,8.175
44,4,81,dcrb,8.174
54,20,77,dcrb,8.173
44,6,45,dcrb,8.172
44,16,68,dcrb,8.171
44,5,78,dcrb,8.17
53,15,35,dcrb,8.168
44,17,42,dcrb,8.167
53,4,13,dcrb,8.167
44,5,72,dcrb,8.166
53,17,16,dcrb,8.166
53,4,5,dcrb,8.165
53,15,32,dcrb,8.165
44,15,42,dcrb,8.163
44,6,31,dcrb,8.162
44,17,69,dcrb,8.162
44,4,23,dcrb,8.161
53,6,79,dcrb,8.16
53,6,51,dcrb,8.157
53,16,83,dcrb,8.155
44,5,79,dcrb,8.154
53,3,63,dcrb,8.153
44,4,51,dcrb,8.151
53,4,6,dcrb,8.151
53,6,35,dcrb,8.151
44,15,40,dcrb,8.15
44,7,9,dcrb,8.149
44,16,94,dcrb,8.149
53,17,24,dcrb,8.149
44,6,3,dcrb,8.147
53,6,62,dcrb,8.146
44,3,37,dcrb,8.145
44,15,33,dcrb,8.145
53,17,12,dcrb,8.143
53,17,18,dcrb,8.141
53,4,10,dcrb,8.14
44,4,75,dcrb,8.139
44,4,80,dcrb,8.139
44,16,70,dcrb,8.139
53,17,30,dcrb,8.139
53,6,36,dcrb,8.133
44,3,38,dcrb,8.132
44,4,93,dcrb,8.131
53,6,28,dcrb,8.131
53,17,39,dcrb,8.131
44,6,18,dcrb,8.13
44,16,85,dcrb,8.128
44,6,4,dcrb,8.125
44,17,3,dcrb,8.125
44,6,8,dcrb,8.124
44,16,65,dcrb,8.124
44,4,57,dcrb,8.123
44,4,68,dcrb,8.123
53,6,17,dcrb,8.123
53,17,20,dcrb,8.122
44,4,74,dcrb,8.121
44,17,15,dcrb,8.121
53,16,77,dcrb,8.121
44,6,25,dcrb,8.12
44,15,30,dcrb,8.12
44,5,94,dcrb,8.119
44,5,2,dcrb,8.118
44,16,59,dcrb,8.118
44,3,63,dcrb,8.117
44,16,76,dcrb,8.117
53,6,37,dcrb,8.117
53,15,31,dcrb,8.115
44,15,36,dcrb,8.112
53,16,95,dcrb,8.112
44,4,16,dcrb,8.111
44,4,86,dcrb,8.11
44,5,91,dcrb,8.11
53,6,25,dcrb,8.109
44,5,90,dcrb,8.107
53,16,80,dcrb,8.107
44,17,21,dcrb,8.106
44,4,56,dcrb,8.103
44,6,7,dcrb,8.103
44,6,1,dcrb,8.102
44,6,12,dcrb,8.102
44,16,82,dcrb,8.102
53,4,11,dcrb,8.102
53,17,33,dcrb,8.102
53,7,45,dcrb,8.101
53,6,63,dcrb,8.099
44,6,50,dcrb,8.097
53,6,19,dcrb,8.097
53,17,2,dcrb,8.097
44,17,27,dcrb,8.096
53,15,28,dcrb,8.096
44,6,6,dcrb,8.095
53,6,42,dcrb,8.094
44,5,83,dcrb,8.093
53,15,26,dcrb,8.092
53,17,27,dcrb,8.091
44,4,18,dcrb,8.088
44,6,51,dcrb,8.088
44,17,89,dcrb,8.088
44,6,14,dcrb,8.086
53,6,48,dcrb,8.086
44,16,90,dcrb,8.085
44,15,41,dcrb,8.084
44,7,26,dcrb,8.083
44,16,79,dcrb,8.083
44,6,0,dcrb,8.081
44,15,37,dcrb,8.081
53,17,1,dcrb,8.081
44,4,44,dcrb,8.08
44,6,39,dcrb,8.08
44,6,10,dcrb,8.079
44,17,33,dcrb,8.077
44,6,63,dcrb,8.075
53,17,42,dcrb,8.074
53,17,45,dcrb,8.072
44,18,6,dcrb,8.07
44,6,2,dcrb,8.069
53,6,31,dcrb,8.069
53,17,14,dcrb,8.068
53,7,44,dcrb,8.067
44,4,45,dcrb,8.065
44,6,11,dcrb,8.065
53,15,22,dcrb,8.065
53,6,20,dcrb,8.064
53,16,92,dcrb,8.063
44,6,5,dcrb,8.059
44,17,6,dcrb,8.059
53,4,7,dcrb,8.059
44,5,15,dcrb,8.058
44,6,23,dcrb,8.057
44,6,64,dcrb,8.057
53,15,29,dcrb,8.057
44,5,93,dcrb,8.056
44,6,16,dcrb,8.054
44,6,87,dcrb,8.054
44,5,95,dcrb,8.053
44,6,28,dcrb,8.049
53,6,59,dcrb,8.049
53,6,77,dcrb,8.049
53,6,38,dcrb,8.046
44,15,34,dcrb,8.045
53,15,15,dcrb,8.041
44,16,71,dcrb,8.04
44,17,8,dcrb,8.04
53,15,18,dcrb,8.039
53,6,43,dcrb,8.037
53,6,81,dcrb,8.037
44,15,21,dcrb,8.035
53,17,51,dcrb,8.034
44,6,19,dcrb,8.033
44,6,48,dcrb,8.033
44,5,3,dcrb,8.031
44,6,13,dcrb,8.03
44,15,31,dcrb,8.029
44,17,0,dcrb,8.029
53,15,20,dcrb,8.027
44,15,35,dcrb,8.026
44,6,17,dcrb,8.025
44,16,73,dcrb,8.024
44,6,22,dcrb,8.022
53,6,58,dcrb,8.022
53,17,56,dcrb,8.021
53,6,80,dcrb,8.019
53,15,23,dcrb,8.017
44,5,14,dcrb,8.015
44,3,34,dcrb,8.014
44,4,50,dcrb,8.013
53,17,58,dcrb,8.011
53,6,52,dcrb,8.01
53,17,7,dcrb,8.01
53,17,22,dcrb,8.009
44,16,74,dcrb,8.007
44,4,17,dcrb,8.005
44,6,36,dcrb,8.005
44,6,34,dcrb,8.004
44,7,27,dcrb,8.004
44,3,58,dcrb,8.003
44,4,19,dcrb,8.002
44,4,39,dcrb,8.002
44,15,32,dcrb,8.002
44,3,61,dcrb,8.001
44,16,80,dcrb,7.999
44,6,69,dcrb,7.998
44,17,12,dcrb,7.998
44,5,9,dcrb,7.996
53,17,41,dcrb,7.996
53,7,3,dcrb,7.995
44,5,21,dcrb,7.994
44,16,89,dcrb,7.993
44,6,57,dcrb,7.992
44,5,26,dcrb,7.989
44,6,29,dcrb,7.987
44,17,4,dcrb,7.987
44,6,75,dcrb,7.986
44,16,77,dcrb,7.985
44,16,91,dcrb,7.985
44,3,32,dcrb,7.981
44,4,10,dcrb,7.981
53,6,49,dcrb,7.981
44,6,60,dcrb,7.98
44,5,20,dcrb,7.978
44,4,1,dcrb,7.977
53,6,93,dcrb,7.975
44,6,41,dcrb,7.973
44,6,42,dcrb,7.973
53,17,13,dcrb,7.973
44,15,22,dcrb,7.97
44,15,27,dcrb,7.969
53,15,8,dcrb,7.966
44,6,37,dcrb,7.963
44,5,45,dcrb,7.962
44,6,56,dcrb,7.961
53,17,36,dcrb,7.961
53,18,1,dcrb,7.961
53,17,19,dcrb,7.96
44,5,27,dcrb,7.959
44,6,91,dcrb,7.959
53,4,1,dcrb,7.957
44,15,28,dcrb,7.956
44,4,33,dcrb,7.95
44,6,81,dcrb,7.949
84,7,8,fadc,7.948
53,17,63,dcrb,7.948
44,6,35,dcrb,7.946
44,6,40,dcrb,7.946
53,17,5,dcrb,7.945
44,7,3,dcrb,7.943
44,17,18,dcrb,7.94
44,5,44,dcrb,7.936
44,17,51,dcrb,7.936
44,17,24,dcrb,7.933
44,3,42,dcrb,7.932
44,5,56,dcrb,7.932
44,6,49,dcrb,7.932
53,4,0,dcrb,7.932
44,6,74,dcrb,7.93
53,6,47,dcrb,7.93
44,5,39,dcrb,7.929
44,17,87,dcrb,7.929
53,8,46,dcrb,7.929
44,4,6,dcrb,7.928
44,6,54,dcrb,7.927
44,16,83,dcrb,7.926
44,6,66,dcrb,7.924
44,17,48,dcrb,7.924
53,15,19,dcrb,7.924
44,5,32,dcrb,7.923
53,6,90,dcrb,7.922
53,6,92,dcrb,7.922
44,6,86,dcrb,7.921
44,4,7,dcrb,7.92
44,17,16,dcrb,7.92
53,6,70,dcrb,7.92
53,6,84,dcrb,7.92
44,5,38,dcrb,7.919
53,6,67,dcrb,7.916
44,6,92,dcrb,7.914
53,6,94,dcrb,7.914
44,4,11,dcrb,7.913
44,3,40,dcrb,7.912
44,4,38,dcrb,7.911
53,17,84,dcrb,7.91
53,15,16,dcrb,7.908
44,4,27,dcrb,7.907
53,17,11,dcrb,7.907
53,6,76,dcrb,7.906
44,4,32,dcrb,7.905
44,17,39,dcrb,7.902
53,7,41,dcrb,7.899
44,17,45,dcrb,7.898
44,17,1,dcrb,7.895
44,5,51,dcrb,7.891
53,17,34,dcrb,7.891
44,15,24,dcrb,7.887
53,6,78,dcrb,7.887
53,15,2,dcrb,7.887
44,6,47,dcrb,7.886
53,17,81,dcrb,7.886
44,6,43,dcrb,7.885
53,9,45,dcrb,7.885
44,16,86,dcrb,7.884
44,18,10,dcrb,7.882
53,17,25,dcrb,7.88
44,17,86,dcrb,7.877
53,7,24,dcrb,7.877
44,17,10,dcrb,7.873
53,15,10,dcrb,7.873
53,7,34,dcrb,7.872
44,6,93,dcrb,7.871
53,6,65,dcrb,7.871
44,6,53,dcrb,7.867
44,6,79,dcrb,7.865
44,6,55,dcrb,7.864
44,5,50,dcrb,7.863
44,16,95,dcrb,7.863
44,17,82,dcrb,7.863
53,6,95,dcrb,7.86
53,17,29,dcrb,7.86
44,6,58,dcrb,7.859
44,17,22,dcrb,7.859
53,17,69,dcrb,7.858
53,7,25,dcrb,7.857
44,17,28,dcrb,7.855
53,15,6,dcrb,7.855
53,7,40,dcrb,7.854
53,17,88,dcrb,7.854
44,17,2,dcrb,7.852
53,7,42,dcrb,7.851
53,17,46,dcrb,7.851
44,6,67,dcrb,7.85
44,17,57,dcrb,7.85
53,17,23,dcrb,7.849
44,4,4,dcrb,7.847
44,15,20,dcrb,7.847
53,15,17,dcrb,7.846
53,17,17,dcrb,7.844
53,14,93,dcrb,7.842
44,15,16,dcrb,7.84
44,6,84,dcrb,7.838
53,15,13,dcrb,7.838
44,15,23,dcrb,7.833
44,6,61,dcrb,7.832
44,6,70,dcrb,7.832
44,17,7,dcrb,7.832
44,5,68,dcrb,7.831
53,6,71,dcrb,7.826
53,7,0,dcrb,7.823
44,5,62,dcrb,7.822
53,15,12,dcrb,7.82
53,17,64,dcrb,7.82
44,5,87,dcrb,7.819
44,15,29,dcrb,7.818
44,17,30,dcrb,7.818
44,7,10,dcrb,7.817
44,17,13,dcrb,7.812
44,6,90,dcrb,7.811
44,7,46,dcrb,7.811
44,15,25,dcrb,7.811
44,6,80,dcrb,7.81
53,17,87,dcrb,7.81
53,15,14,dcrb,7.808
53,18,3,dcrb,7.808
44,15,26,dcrb,7.804
53,17,60,dcrb,7.804
44,5,81,dcrb,7.803
44,6,76,dcrb,7.803
53,6,32,dcrb,7.803
44,6,72,dcrb,7.801
44,17,63,dcrb,7.801
44,18,8,dcrb,7.801
53,17,94,dcrb,7.8
44,5,69,dcrb,7.799
44,17,19,dcrb,7.798
53,8,8,dcrb,7.798
44,6,71,dcrb,7.797
44,17,40,dcrb,7.797
53,6,44,dcrb,7.797
53,17,54,dcrb,7.796
53,6,85,dcrb,7.795
44,17,5,dcrb,7.794
44,17,36,dcrb,7.794
44,15,15,dcrb,7.793
53,6,91,dcrb,7.792
44,6,59,dcrb,7.791
44,15,18,dcrb,7.79
53,7,5,dcrb,7.79
53,7,27,dcrb,7.79
44,6,82,dcrb,7.788
44,18,4,dcrb,7.785
44,4,21,dcrb,7.783
44,5,92,dcrb,7.783
44,17,34,dcrb,7.777
53,15,11,dcrb,7.776
53,7,43,dcrb,7.775
84,7,10,fadc,7.774
53,7,1,dcrb,7.772
44,6,94,dcrb,7.769
44,5,57,dcrb,7.767
53,7,14,dcrb,7.766
44,5,75,dcrb,7.763
44,7,4,dcrb,7.761
53,7,38,dcrb,7.76
44,5,74,dcrb,7.759
53,7,6,dcrb,7.758
44,6,65,dcrb,7.757
44,7,6,dcrb,7.757
44,17,11,dcrb,7.757
44,6,73,dcrb,7.755
44,15,19,dcrb,7.755
53,7,12,dcrb,7.755
53,17,32,dcrb,7.755
44,4,0,dcrb,7.754
53,18,9,dcrb,7.752
44,17,25,dcrb,7.751
53,17,37,dcrb,7.751
44,5,63,dcrb,7.75
44,7,2,dcrb,7.749
53,15,3,dcrb,7.748
44,7,15,dcrb,7.747
53,7,15,dcrb,7.746
44,17,43,dcrb,7.743
44,17,32,dcrb,7.736
44,5,80,dcrb,7.733
53,18,21,dcrb,7.731
44,4,26,dcrb,7.73
53,15,7,dcrb,7.73
44,7,21,dcrb,7.729
84,8,10,fadc,7.728
44,6,88,dcrb,7.728
53,17,26,dcrb,7.728
53,17,31,dcrb,7.728
53,8,9,dcrb,7.727
44,6,85,dcrb,7.725
44,17,17,dcrb,7.724
44,17,14,dcrb,7.723
53,7,10,dcrb,7.722
53,17,59,dcrb,7.72
53,18,0,dcrb,7.719
53,17,43,dcrb,7.716
53,17,35,dcrb,7.715
44,17,54,dcrb,7.714
53,14,92,dcrb,7.709
44,17,75,dcrb,7.708
53,17,93,dcrb,7.708
44,7,35,dcrb,7.705
53,18,45,dcrb,7.705
44,4,15,dcrb,7.702
53,7,33,dcrb,7.702
44,7,14,dcrb,7.701
44,7,33,dcrb,7.701
53,7,21,dcrb,7.701
44,7,13,dcrb,7.699
53,7,7,dcrb,7.699
44,4,92,dcrb,7.698
44,7,1,dcrb,7.698
44,17,20,dcrb,7.697
53,8,25,dcrb,7.696
53,15,1,dcrb,7.693
53,17,66,dcrb,7.693
44,15,17,dcrb,7.692
44,5,86,dcrb,7.691
44,7,12,dcrb,7.686
44,17,46,dcrb,7.686
44,6,83,dcrb,7.685
44,17,72,dcrb,7.685
44,17,81,dcrb,7.682
44,17,37,dcrb,7.681
53,17,49,dcrb,7.68
44,7,20,dcrb,7.679
44,17,23,dcrb,7.679
53,6,83,dcrb,7.679
44,18,3,dcrb,7.677
44,15,12,dcrb,7.675
44,17,52,dcrb,7.671
53,17,72,dcrb,7.67
53,18,33,dcrb,7.67
44,7,39,dcrb,7.667
44,6,89,dcrb,7.666
53,17,55,dcrb,7.665
44,7,7,dcrb,7.661
44,7,32,dcrb,7.661
44,17,41,dcrb,7.661
44,17,66,dcrb,7.661
53,17,78,dcrb,7.656
44,17,31,dcrb,7.654
44,17,60,dcrb,7.653
53,7,11,dcrb,7.646
44,17,58,dcrb,7.643
44,7,43,dcrb,7.642
44,15,13,dcrb,7.64
44,4,20,dcrb,7.639
53,17,89,dcrb,7.637
53,18,4,dcrb,7.637
44,17,70,dcrb,7.636
44,7,5,dcrb,7.634
44,8,9,dcrb,7.634
84,8,7,fadc,7.633
44,3,30,dcrb,7.633
53,8,18,dcrb,7.629
44,15,10,dcrb,7.627
44,17,26,dcrb,7.624
44,4,8,dcrb,7.623
44,7,0,dcrb,7.623
53,15,0,dcrb,7.623
44,15,14,dcrb,7.622
44,17,29,dcrb,7.622
53,7,50,dcrb,7.622
44,7,16,dcrb,7.618
44,7,47,dcrb,7.618
53,15,4,dcrb,7.617
53,18,24,dcrb,7.617
44,18,5,dcrb,7.616
53,17,50,dcrb,7.608
44,17,49,dcrb,7.607
44,3,59,dcrb,7.599
44,8,8,dcrb,7.597
44,6,95,dcrb,7.596
44,7,51,dcrb,7.593
44,4,9,dcrb,7.592
53,17,70,dcrb,7.592
44,17,93,dcrb,7.59
53,17,47,dcrb,7.588
29,7,5,fadc,7.587
53,7,16,dcrb,7.587
44,7,11,dcrb,7.583
53,18,6,dcrb,7.582
44,17,38,dcrb,7.581
44,4,3,dcrb,7.578
53,7,30,dcrb,7.575
44,8,3,dcrb,7.574
53,17,53,dcrb,7.571
53,17,61,dcrb,7.571
44,17,64,dcrb,7.57
53,7,13,dcrb,7.568
44,8,2,dcrb,7.566
44,15,9,dcrb,7.565
44,7,45,dcrb,7.564
53,7,51,dcrb,7.564
44,7,19,dcrb,7.563
44,7,24,dcrb,7.559
44,4,14,dcrb,7.557
53,18,44,dcrb,7.555
44,7,87,dcrb,7.553
44,17,35,dcrb,7.552
53,7,32,dcrb,7.551
53,7,54,dcrb,7.549
53,7,39,dcrb,7.548
44,7,42,dcrb,7.544
44,17,79,dcrb,7.542
53,7,22,dcrb,7.541
44,7,57,dcrb,7.539
44,7,30,dcrb,7.537
44,18,24,dcrb,7.536
44,7,50,dcrb,7.535
44,7,36,dcrb,7.534
44,17,84,dcrb,7.533
44,8,23,dcrb,7.531
53,7,56,dcrb,7.531
44,15,11,dcrb,7.529
53,18,54,dcrb,7.529
53,7,17,dcrb,7.526
53,17,76,dcrb,7.525
53,17,90,dcrb,7.523
44,15,6,dcrb,7.521
44,7,17,dcrb,7.518
53,17,67,dcrb,7.518
53,17,82,dcrb,7.518
53,8,52,dcrb,7.517
53,8,6,dcrb,7.515
44,7,18,dcrb,7.511
44,17,50,dcrb,7.511
44,18,0,dcrb,7.511
53,17,65,dcrb,7.511
53,15,5,dcrb,7.509
44,17,55,dcrb,7.506
44,18,15,dcrb,7.505
44,7,22,dcrb,7.499
44,17,71,dcrb,7.499
53,14,94,dcrb,7.498
44,7,34,dcrb,7.496
53,17,80,dcrb,7.495
53,7,57,dcrb,7.494
44,7,28,dcrb,7.493
53,7,26,dcrb,7.493
53,7,36,dcrb,7.493
53,7,28,dcrb,7.492
53,18,10,dcrb,7.491
53,17,62,dcrb,7.489
53,14,90,dcrb,7.488
44,8,15,dcrb,7.487
44,17,61,dcrb,7.485
44,7,48,dcrb,7.484
29,7,7,fadc,7.481
44,17,76,dcrb,7.481
53,7,18,dcrb,7.479
44,3,51,dcrb,7.478
53,14,91,dcrb,7.476
44,3,19,dcrb,7.475
44,7,54,dcrb,7.466
44,17,67,dcrb,7.466
44,7,40,dcrb,7.465
44,7,23,dcrb,7.464
44,18,27,dcrb,7.462
44,15,7,dcrb,7.46
44,7,60,dcrb,7.459
53,18,7,dcrb,7.459
53,14,95,dcrb,7.458
44,7,38,dcrb,7.457
44,15,3,dcrb,7.454
44,7,25,dcrb,7.453
44,14,91,dcrb,7.453
44,17,53,dcrb,7.453
53,17,73,dcrb,7.449
44,17,88,dcrb,7.446
44,18,33,dcrb,7.445
53,14,89,dcrb,7.445
53,7,69,dcrb,7.444
44,17,47,dcrb,7.442
44,3,50,dcrb,7.438
44,17,44,dcrb,7.438
53,7,31,dcrb,7.438
44,7,52,dcrb,7.437
44,7,93,dcrb,7.436
53,18,5,dcrb,7.435
44,15,4,dcrb,7.433
44,17,90,dcrb,7.428
44,18,21,dcrb,7.428
44,8,21,dcrb,7.425
44,15,8,dcrb,7.423
44,17,73,dcrb,7.421
44,7,44,dcrb,7.42
44,7,81,dcrb,7.419
53,17,68,dcrb,7.419
53,17,92,dcrb,7.415
44,8,27,dcrb,7.414
44,7,63,dcrb,7.412
44,3,23,dcrb,7.409
44,3,35,dcrb,7.407
44,14,92,dcrb,7.407
53,14,87,dcrb,7.407
53,17,71,dcrb,7.404
44,7,29,dcrb,7.403
44,8,26,dcrb,7.402
44,7,75,dcrb,7.399
44,7,62,dcrb,7.398
44,7,86,dcrb,7.397
44,15,5,dcrb,7.396
44,17,94,dcrb,7.396
53,8,2,dcrb,7.396
53,18,2,dcrb,7.396
44,7,31,dcrb,7.395
53,7,63,dcrb,7.395
53,17,79,dcrb,7.391
44,7,74,dcrb,7.39
53,18,42,dcrb,7.39
53,8,57,dcrb,7.388
53,7,62,dcrb,7.385
53,18,27,dcrb,7.384
53,7,46,dcrb,7.382
44,17,65,dcrb,7.381
53,7,29,dcrb,7.377
44,8,38,dcrb,7.373
44,3,55,dcrb,7.371
53,18,25,dcrb,7.368
44,7,41,dcrb,7.365
53,7,23,dcrb,7.365
44,7,80,dcrb,7.361
53,17,91,dcrb,7.361
53,8,38,dcrb,7.36
44,15,2,dcrb,7.354
44,3,41,dcrb,7.352
44,15,0,dcrb,7.351
53,7,37,dcrb,7.348
53,7,48,dcrb,7.347
53,7,60,dcrb,7.346
44,18,12,dcrb,7.344
44,7,37,dcrb,7.342
44,15,1,dcrb,7.34
44,8,39,dcrb,7.339
53,7,58,dcrb,7.339
44,17,56,dcrb,7.336
44,17,68,dcrb,7.336
44,7,49,dcrb,7.335
44,17,62,dcrb,7.332
44,17,83,dcrb,7.329
44,7,69,dcrb,7.326
53,18,18,dcrb,7.323
53,7,52,dcrb,7.321
53,14,86,dcrb,7.319
53,7,35,dcrb,7.318
53,17,83,dcrb,7.318
53,18,13,dcrb,7.317
44,17,59,dcrb,7.316
44,18,11,dcrb,7.314
53,3,59,dcrb,7.313
53,18,11,dcrb,7.313
53,17,74,dcrb,7.312
53,7,71,dcrb,7.311
44,7,56,dcrb,7.31
53,14,88,dcrb,7.31
44,17,77,dcrb,7.305
44,17,91,dcrb,7.3
44,3,47,dcrb,7.299
44,8,33,dcrb,7.297
44,17,85,dcrb,7.297
53,7,68,dcrb,7.296
44,3,62,dcrb,7.292
53,3,56,dcrb,7.292
53,18,14,dcrb,7.292
53,18,39,dcrb,7.29
44,3,56,dcrb,7.285
44,7,83,dcrb,7.282
53,17,86,dcrb,7.28
53,18,32,dcrb,7.271
44,3,7,dcrb,7.269
53,7,64,dcrb,7.269
53,7,90,dcrb,7.268
53,17,95,dcrb,7.268
53,18,12,dcrb,7.268
44,3,18,dcrb,7.267
44,14,93,dcrb,7.267
53,17,77,dcrb,7.263
44,3,46,dcrb,7.262
53,3,62,dcrb,7.26
44,7,68,dcrb,7.259
44,7,66,dcrb,7.258
44,14,94,dcrb,7.258
44,7,58,dcrb,7.257
44,8,24,dcrb,7.257
44,18,16,dcrb,7.257
44,18,39,dcrb,7.257
44,7,55,dcrb,7.256
44,3,48,dcrb,7.255
44,18,1,dcrb,7.253
53,8,56,dcrb,7.252
53,18,57,dcrb,7.251
44,18,28,dcrb,7.243
44,7,61,dcrb,7.242
44,7,72,dcrb,7.242
44,17,74,dcrb,7.242
53,18,75,dcrb,7.242
53,8,0,dcrb,7.238
53,18,8,dcrb,7.236
44,8,14,dcrb,7.235
44,14,95,dcrb,7.233
44,7,53,dcrb,7.231
44,17,80,dcrb,7.23
44,7,64,dcrb,7.228
44,18,18,dcrb,7.228
44,18,32,dcrb,7.225
44,7,79,dcrb,7.222
53,18,22,dcrb,7.222
53,18,43,dcrb,7.22
53,7,49,dcrb,7.217
53,7,75,dcrb,7.217
53,7,76,dcrb,7.217
53,18,15,dcrb,7.216
53,7,70,dcrb,7.215
53,7,47,dcrb,7.211
53,18,16,dcrb,7.21
44,18,13,dcrb,7.204
44,18,25,dcrb,7.202
53,7,66,dcrb,7.201
53,7,53,dcrb,7.2
44,3,12,dcrb,7.198
44,18,42,dcrb,7.198
44,8,30,dcrb,7.193
53,18,30,dcrb,7.192
44,14,88,dcrb,7.191
53,7,55,dcrb,7.19
44,3,2,dcrb,7.185
53,8,24,dcrb,7.185
44,8,28,dcrb,7.18
44,18,52,dcrb,7.18
44,18,14,dcrb,7.175
44,7,73,dcrb,7.169
53,3,61,dcrb,7.169
44,3,57,dcrb,7.165
53,8,40,dcrb,7.165
53,7,61,dcrb,7.161
53,8,5,dcrb,7.159
44,7,67,dcrb,7.157
44,18,22,dcrb,7.153
44,8,31,dcrb,7.151
53,9,41,dcrb,7.146
53,14,85,dcrb,7.145
44,7,90,dcrb,7.142
44,18,30,dcrb,7.14
53,3,57,dcrb,7.139
53,7,72,dcrb,7.137
44,18,45,dcrb,7.136
44,8,44,dcrb,7.135
53,14,84,dcrb,7.135
44,14,90,dcrb,7.134
53,18,48,dcrb,7.133
44,7,92,dcrb,7.132
44,8,45,dcrb,7.132
44,3,1,dcrb,7.131
44,18,7,dcrb,7.131
53,7,19,dcrb,7.13
44,19,66,dcrb,7.129
53,18,19,dcrb,7.128
53,7,65,dcrb,7.124
53,18,41,dcrb,7.121
53,18,28,dcrb,7.119
44,7,71,dcrb,7.117
53,8,4,dcrb,7.115
53,7,81,dcrb,7.109
53,8,26,dcrb,7.109
53,7,74,dcrb,7.107
53,7,84,dcrb,7.104
44,3,11,dcrb,7.1
44,7,82,dcrb,7.095
44,3,43,dcrb,7.091
44,7,59,dcrb,7.09
44,3,14,dcrb,7.089
53,7,59,dcrb,7.089
44,7,84,dcrb,7.088
44,7,89,dcrb,7.088
53,7,93,dcrb,7.088
53,7,87,dcrb,7.087
44,18,19,dcrb,7.084
44,14,87,dcrb,7.083
44,18,31,dcrb,7.083
53,18,40,dcrb,7.083
44,14,89,dcrb,7.081
53,3,58,dcrb,7.079
44,7,78,dcrb,7.077
53,18,20,dcrb,7.076
44,3,27,dcrb,7.075
53,8,50,dcrb,7.074
44,8,19,dcrb,7.072
44,18,36,dcrb,7.072
44,7,65,dcrb,7.07
44,7,76,dcrb,7.07
44,18,48,dcrb,7.069
53,18,63,dcrb,7.067
44,14,86,dcrb,7.065
53,14,83,dcrb,7.065
53,18,76,dcrb,7.065
44,8,43,dcrb,7.058
53,7,67,dcrb,7.058
53,7,91,dcrb,7.055
44,18,34,dcrb,7.054
44,18,46,dcrb,7.053
53,7,82,dcrb,7.048
44,8,32,dcrb,7.045
53,8,15,dcrb,7.045
44,8,62,dcrb,7.044
53,18,17,dcrb,7.044
44,8,0,dcrb,7.043
53,7,78,dcrb,7.043
53,18,46,dcrb,7.035
53,18,93,dcrb,7.028
53,8,3,dcrb,7.025
53,18,69,dcrb,7.02
53,7,80,dcrb,7.018
53,3,50,dcrb,7.013
53,14,81,dcrb,7.011
44,7,88,dcrb,7.008
44,3,31,dcrb,7.007
53,8,21,dcrb,7.004
53,7,73,dcrb,7.002
53,7,77,dcrb,6.998
53,18,55,dcrb,6.998
53,14,80,dcrb,6.996
53,18,60,dcrb,6.994
44,18,40,dcrb,6.992
44,14,85,dcrb,6.99
44,3,13,dcrb,6.988
53,7,86,dcrb,6.984
53,14,82,dcrb,6.979
44,18,23,dcrb,6.977
53,18,31,dcrb,6.973
44,8,6,dcrb,6.972
44,18,17,dcrb,6.971
44,8,51,dcrb,6.969
44,7,77,dcrb,6.964
53,8,12,dcrb,6.964
53,18,78,dcrb,6.964
53,18,23,dcrb,6.963
53,7,85,dcrb,6.961
53,8,58,dcrb,6.953
44,3,53,dcrb,6.95
53,18,37,dcrb,6.95
44,7,85,dcrb,6.949
44,8,63,dcrb,6.947
53,7,79,dcrb,6.942
44,8,22,dcrb,6.941
44,14,84,dcrb,6.941
44,18,64,dcrb,6.94
44,7,94,dcrb,6.931
53,18,26,dcrb,6.931
44,8,20,dcrb,6.93
53,8,20,dcrb,6.928
44,7,91,dcrb,6.924
44,3,49,dcrb,6.922
44,18,43,dcrb,6.921
53,18,58,dcrb,6.916
44,8,12,dcrb,6.912
53,8,7,dcrb,6.912
44,3,0,dcrb,6.908
53,18,66,dcrb,6.908
44,18,20,dcrb,6.906
44,3,54,dcrb,6.902
44,8,57,dcrb,6.899
44,18,26,dcrb,6.899
44,18,58,dcrb,6.898
53,18,29,dcrb,6.898
44,18,29,dcrb,6.897
44,18,37,dcrb,6.893
53,8,14,dcrb,6.893
53,7,92,dcrb,6.892
44,3,21,dcrb,6.891
53,18,52,dcrb,6.887
53,7,88,dcrb,6.885
44,18,35,dcrb,6.879
44,18,61,dcrb,6.873
44,18,49,dcrb,6.871
53,18,35,dcrb,6.871
44,18,70,dcrb,6.87
53,18,81,dcrb,6.867
44,8,4,dcrb,6.866
44,8,50,dcrb,6.865
53,7,83,dcrb,6.863
53,18,95,dcrb,6.853
44,3,24,dcrb,6.852
53,3,55,dcrb,6.849
53,7,89,dcrb,6.848
53,8,28,dcrb,6.847
53,7,94,dcrb,6.839
53,18,56,dcrb,6.838
84,7,5,fadc,6.836
44,14,83,dcrb,6.835
44,8,1,dcrb,6.832
44,8,56,dcrb,6.832
53,18,87,dcrb,6.829
44,7,95,dcrb,6.822
44,9,8,dcrb,6.818
53,8,59,dcrb,6.813
53,18,49,dcrb,6.813
53,18,38,dcrb,6.811
44,18,55,dcrb,6.804
44,3,8,dcrb,6.801
44,14,82,dcrb,6.801
44,18,38,dcrb,6.797
44,14,81,dcrb,6.794
53,8,10,dcrb,6.794
44,14,80,dcrb,6.793
46,15,63,dcrb,6.79
44,8,10,dcrb,6.789
44,18,54,dcrb,6.782
53,18,90,dcrb,6.778
53,8,1,dcrb,6.775
53,18,72,dcrb,6.773
53,18,50,dcrb,6.769
44,18,72,dcrb,6.764
44,18,41,dcrb,6.76
44,3,45,dcrb,6.759
44,8,16,dcrb,6.759
54,20,71,dcrb,6.757
44,8,69,dcrb,6.755
53,8,13,dcrb,6.755
53,18,47,dcrb,6.755
44,3,44,dcrb,6.754
53,7,95,dcrb,6.753
53,8,55,dcrb,6.751
44,8,18,dcrb,6.749
53,14,74,dcrb,6.748
53,19,12,dcrb,6.747
44,18,44,dcrb,6.744
44,8,7,dcrb,6.741
44,18,47,dcrb,6.741
53,8,72,dcrb,6.74
44,18,60,dcrb,6.738
44,19,4,dcrb,6.738
44,19,12,dcrb,6.728
44,19,56,dcrb,6.728
53,14,77,dcrb,6.728
53,18,61,dcrb,6.727
53,18,62,dcrb,6.727
53,8,22,dcrb,6.726
44,19,27,dcrb,6.725
44,19,18,dcrb,6.721
53,8,33,dcrb,6.72
53,8,51,dcrb,6.719
44,19,57,dcrb,6.718
53,3,51,dcrb,6.716
53,18,64,dcrb,6.714
44,3,29,dcrb,6.712
44,8,5,dcrb,6.712
44,8,13,dcrb,6.711
44,8,34,dcrb,6.71
44,18,66,dcrb,6.71
53,18,70,dcrb,6.71
53,8,29,dcrb,6.709
53,14,78,dcrb,6.707
53,3,54,dcrb,6.706
53,8,16,dcrb,6.703
53,18,59,dcrb,6.699
44,3,3,dcrb,6.698
44,8,64,dcrb,6.697
53,19,3,dcrb,6.694
53,18,84,dcrb,6.69
44,18,53,dcrb,6.689
44,3,28,dcrb,6.687
54,20,15,dcrb,6.687
44,3,17,dcrb,6.686
44,18,90,dcrb,6.683
44,19,3,dcrb,6.681
53,18,53,dcrb,6.677
44,18,59,dcrb,6.676
53,8,11,dcrb,6.667
53,18,74,dcrb,6.665
44,9,2,dcrb,6.663
53,8,27,dcrb,6.663
44,14,78,dcrb,6.662
44,14,79,dcrb,6.658
53,3,53,dcrb,6.658
44,18,76,dcrb,6.654
44,18,50,dcrb,6.649
44,3,10,dcrb,6.647
44,18,65,dcrb,6.647
44,8,11,dcrb,6.644
53,8,60,dcrb,6.643
53,18,79,dcrb,6.643
53,18,82,dcrb,6.637
44,8,75,dcrb,6.635
53,8,61,dcrb,6.634
44,14,75,dcrb,6.633
53,8,88,dcrb,6.633
44,19,9,dcrb,6.632
53,18,68,dcrb,6.632
53,18,92,dcrb,6.629
53,14,76,dcrb,6.623
44,8,40,dcrb,6.622
53,18,67,dcrb,6.621
54,20,50,dcrb,6.62
44,9,9,dcrb,6.616
53,18,88,dcrb,6.615
53,8,62,dcrb,6.614
53,8,73,dcrb,6.611
44,18,67,dcrb,6.607
44,18,56,dcrb,6.599
44,19,33,dcrb,6.597
53,8,53,dcrb,6.597
44,8,85,dcrb,6.596
53,19,13,dcrb,6.591
53,8,66,dcrb,6.59
53,8,19,dcrb,6.585
44,18,78,dcrb,6.579
53,8,30,dcrb,6.579
53,18,65,dcrb,6.577
44,14,76,dcrb,6.576
53,8,17,dcrb,6.575
44,18,73,dcrb,6.574
44,8,36,dcrb,6.572
44,19,15,dcrb,6.571
44,18,94,dcrb,6.565
44,8,17,dcrb,6.564
44,19,28,dcrb,6.563
54,20,65,dcrb,6.563
53,3,48,dcrb,6.559
44,14,74,dcrb,6.558
53,18,73,dcrb,6.558
44,8,81,dcrb,6.557
44,19,0,dcrb,6.557
53,8,34,dcrb,6.557
53,18,94,dcrb,6.556
44,14,72,dcrb,6.555
53,8,32,dcrb,6.555
53,19,15,dcrb,6.555
44,3,9,dcrb,6.551
53,8,39,dcrb,6.55
84,7,7,fadc,6.549
53,19,0,dcrb,6.549
44,18,71,dcrb,6.546
44,18,82,dcrb,6.545
44,18,62,dcrb,6.544
53,19,21,dcrb,6.541
53,19,9,dcrb,6.54
44,18,84,dcrb,6.537
53,8,48,dcrb,6.534
53,18,71,dcrb,6.532
53,18,91,dcrb,6.532
53,14,73,dcrb,6.525
44,14,77,dcrb,6.524
44,18,88,dcrb,6.523
53,8,31,dcrb,6.521
44,8,25,dcrb,6.519
53,19,24,dcrb,6.518
44,8,68,dcrb,6.517
44,18,68,dcrb,6.51
44,8,86,dcrb,6.507
44,19,5,dcrb,6.506
44,19,63,dcrb,6.506
53,8,36,dcrb,6.506
53,19,4,dcrb,6.506
53,8,23,dcrb,6.504
44,19,6,dcrb,6.503
44,14,73,dcrb,6.501
53,18,86,dcrb,6.501
53,19,33,dcrb,6.499
53,8,79,dcrb,6.492
53,18,77,dcrb,6.491
53,18,80,dcrb,6.491
53,8,68,dcrb,6.49
44,8,47,dcrb,6.488
53,14,75,dcrb,6.487
44,19,17,dcrb,6.477
44,8,35,dcrb,6.476
53,14,71,dcrb,6.473
44,8,41,dcrb,6.472
53,8,45,dcrb,6.471
44,3,4,dcrb,6.468
53,8,41,dcrb,6.468
53,8,78,dcrb,6.467
44,18,79,dcrb,6.466
53,18,83,dcrb,6.464
44,19,21,dcrb,6.463
53,8,89,dcrb,6.461
53,14,68,dcrb,6.461
44,8,70,dcrb,6.46
53,19,6,dcrb,6.46
46,15,64,dcrb,6.458
44,8,42,dcrb,6.451
53,8,37,dcrb,6.445
44,8,87,dcrb,6.443
44,18,85,dcrb,6.441
44,18,77,dcrb,6.44
53,19,39,dcrb,6.44
44,8,29,dcrb,6.429
44,18,91,dcrb,6.423
44,19,39,dcrb,6.42
53,8,44,dcrb,6.418
53,18,85,dcrb,6.418
44,8,37,dcrb,6.415
44,18,83,dcrb,6.412
44,19,52,dcrb,6.411
44,18,74,dcrb,6.409
53,8,42,dcrb,6.405
44,8,48,dcrb,6.398
44,8,54,dcrb,6.395
44,8,58,dcrb,6.386
44,8,71,dcrb,6.382
44,19,50,dcrb,6.381
53,19,45,dcrb,6.378
53,8,43,dcrb,6.377
44,19,8,dcrb,6.374
44,18,80,dcrb,6.37
53,19,18,dcrb,6.37
53,19,27,dcrb,6.368
44,3,6,dcrb,6.365
44,14,70,dcrb,6.364
44,19,1,dcrb,6.361
53,19,2,dcrb,6.361
44,19,40,dcrb,6.36
44,8,76,dcrb,6.359
53,14,72,dcrb,6.359
44,8,46,dcrb,6.354
53,19,1,dcrb,6.349
53,19,40,dcrb,6.348
53,19,10,dcrb,6.346
53,19,20,dcrb,6.346
53,18,89,dcrb,6.345
53,8,54,dcrb,6.342
44,8,55,dcrb,6.341
53,3,49,dcrb,6.341
53,8,74,dcrb,6.338
44,18,86,dcrb,6.328
53,8,35,dcrb,6.328
53,19,30,dcrb,6.328
44,19,10,dcrb,6.325
44,14,69,dcrb,6.321
44,18,51,dcrb,6.313
44,18,89,dcrb,6.313
44,19,24,dcrb,6.312
44,18,95,dcrb,6.305
44,19,7,dcrb,6.305
44,19,11,dcrb,6.304
44,19,2,dcrb,6.302
53,8,49,dcrb,6.301
53,19,5,dcrb,6.3
44,3,20,dcrb,6.296
44,19,53,dcrb,6.296
44,19,54,dcrb,6.295
44,8,60,dcrb,6.291
53,19,36,dcrb,6.287
53,8,86,dcrb,6.285
44,19,14,dcrb,6.281
44,8,52,dcrb,6.279
53,19,8,dcrb,6.278
44,14,71,dcrb,6.272
44,19,64,dcrb,6.272
53,19,16,dcrb,6.27
44,14,68,dcrb,6.267
44,18,92,dcrb,6.265
44,19,45,dcrb,6.265
44,8,74,dcrb,6.261
44,19,16,dcrb,6.259
44,19,38,dcrb,6.258
53,8,93,dcrb,6.255
53,19,7,dcrb,6.253
53,19,14,dcrb,6.253
44,8,49,dcrb,6.252
44,8,66,dcrb,6.245
53,19,51,dcrb,6.237
29,8,4,fadc,6.236
53,19,32,dcrb,6.235
44,19,30,dcrb,6.233
53,8,80,dcrb,6.231
53,14,69,dcrb,6.228
53,19,28,dcrb,6.227
44,19,22,dcrb,6.222
53,8,63,dcrb,6.221
53,19,38,dcrb,6.221
44,8,65,dcrb,6.219
53,19,25,dcrb,6.217
44,8,80,dcrb,6.216
53,14,70,dcrb,6.215
44,14,67,dcrb,6.212
44,19,13,dcrb,6.206
53,8,47,dcrb,6.206
53,19,57,dcrb,6.201
53,19,19,dcrb,6.2
53,19,22,dcrb,6.199
44,3,5,dcrb,6.197
53,19,17,dcrb,6.195
53,8,69,dcrb,6.193
53,14,67,dcrb,6.19
44,19,36,dcrb,6.184
53,8,82,dcrb,6.184
53,19,11,dcrb,6.182
44,3,26,dcrb,6.18
53,8,75,dcrb,6.179
44,14,66,dcrb,6.175
44,19,51,dcrb,6.173
44,19,37,dcrb,6.172
44,19,19,dcrb,6.168
53,14,62,dcrb,6.165
44,19,58,dcrb,6.158
53,8,64,dcrb,6.154
53,3,52,dcrb,6.151
44,19,34,dcrb,6.146
54,20,21,dcrb,6.146
53,19,44,dcrb,6.139
53,8,92,dcrb,6.137
44,8,61,dcrb,6.136
44,19,20,dcrb,6.124
53,9,43,dcrb,6.124
53,14,65,dcrb,6.123
53,19,34,dcrb,6.122
44,3,16,dcrb,6.121
53,8,70,dcrb,6.12
53,19,42,dcrb,6.12
54,20,63,dcrb,6.117
44,19,48,dcrb,6.114
44,8,53,dcrb,6.113
44,9,73,dcrb,6.11
44,19,44,dcrb,6.109
54,20,91,dcrb,6.105
53,9,2,dcrb,6.104
44,8,59,dcrb,6.103
53,19,31,dcrb,6.101
54,20,85,dcrb,6.099
53,20,14,dcrb,6.097
44,18,93,dcrb,6.093
44,19,25,dcrb,6.089
53,19,48,dcrb,6.088
44,19,26,dcrb,6.082
44,19,23,dcrb,6.08
44,18,57,dcrb,6.072
53,19,63,dcrb,6.068
53,19,37,dcrb,6.064
44,19,42,dcrb,6.063
44,19,65,dcrb,6.063
53,19,23,dcrb,6.063
53,8,81,dcrb,6.053
53,19,50,dcrb,6.052
53,8,90,dcrb,6.051
53,19,81,dcrb,6.05
53,8,94,dcrb,6.047
44,19,32,dcrb,6.045
44,14,64,dcrb,6.042
44,19,31,dcrb,6.039
44,18,69,dcrb,6.033
44,8,79,dcrb,6.03
53,19,56,dcrb,6.03
44,14,65,dcrb,6.029
53,19,69,dcrb,6.021
53,19,26,dcrb,6.019
53,19,54,dcrb,6.019
53,19,46,dcrb,6.015
53,19,41,dcrb,6.014
44,8,84,dcrb,6.003
53,9,31,dcrb,6.003
44,3,25,dcrb,5.999
44,19,29,dcrb,5.999
53,9,8,dcrb,5.998
44,14,62,dcrb,5.996
53,20,4,dcrb,5.996
44,8,67,dcrb,5.995
53,8,91,dcrb,5.991
44,19,59,dcrb,5.99
53,8,87,dcrb,5.988
44,19,46,dcrb,5.983
53,8,65,dcrb,5.983
53,19,29,dcrb,5.983
44,8,78,dcrb,5.981
44,18,75,dcrb,5.976
53,14,66,dcrb,5.974
44,14,63,dcrb,5.973
44,19,35,dcrb,5.973
44,8,93,dcrb,5.971
53,8,67,dcrb,5.967
44,19,41,dcrb,5.955
44,19,55,dcrb,5.952
53,19,43,dcrb,5.951
44,19,43,dcrb,5.938
53,19,58,dcrb,5.935
53,19,72,dcrb,5.935
53,19,60,dcrb,5.933
53,19,52,dcrb,5.931
53,19,64,dcrb,5.925
44,19,69,dcrb,5.915
53,19,35,dcrb,5.914
53,9,12,dcrb,5.909
44,8,73,dcrb,5.905
53,14,64,dcrb,5.903
44,8,82,dcrb,5.902
53,19,66,dcrb,5.899
53,9,13,dcrb,5.896
54,20,51,dcrb,5.896
53,8,76,dcrb,5.894
53,19,78,dcrb,5.885
53,8,71,dcrb,5.884
54,20,56,dcrb,5.883
53,9,40,dcrb,5.881
44,14,61,dcrb,5.877
53,8,85,dcrb,5.871
53,19,49,dcrb,5.867
53,19,55,dcrb,5.867
44,9,15,dcrb,5.865
44,19,49,dcrb,5.865
44,3,52,dcrb,5.86
44,9,6,dcrb,5.857
53,19,87,dcrb,5.857
53,19,80,dcrb,5.854
44,19,60,dcrb,5.852
53,8,77,dcrb,5.851
44,8,92,dcrb,5.85
44,14,59,dcrb,5.85
53,9,20,dcrb,5.849
53,19,75,dcrb,5.845
44,19,75,dcrb,5.841
53,14,59,dcrb,5.841
44,19,47,dcrb,5.834
44,19,90,dcrb,5.833
53,19,47,dcrb,5.832
44,14,58,dcrb,5.828
44,19,81,dcrb,5.823
44,14,60,dcrb,5.821
44,8,91,dcrb,5.816
53,9,9,dcrb,5.813
44,9,3,dcrb,5.807
44,8,83,dcrb,5.804
44,8,77,dcrb,5.793
44,9,10,dcrb,5.793
44,8,94,dcrb,5.787
53,14,56,dcrb,5.783
53,14,61,dcrb,5.78
53,19,53,dcrb,5.778
53,8,84,dcrb,5.775
53,14,63,dcrb,5.775
44,9,4,dcrb,5.774
53,19,62,dcrb,5.773
53,9,37,dcrb,5.769
44,19,62,dcrb,5.766
53,19,84,dcrb,5.762
44,9,7,dcrb,5.749
44,14,56,dcrb,5.747
54,20,45,dcrb,5.745
53,19,68,dcrb,5.742
53,20,3,dcrb,5.738
44,19,72,dcrb,5.735
44,9,0,dcrb,5.733
53,19,70,dcrb,5.733
44,19,61,dcrb,5.73
44,18,87,dcrb,5.729
53,19,65,dcrb,5.725
44,14,57,dcrb,5.721
44,8,90,dcrb,5.717
53,8,83,dcrb,5.715
44,9,14,dcrb,5.712
53,19,76,dcrb,5.708
53,19,73,dcrb,5.699
44,8,88,dcrb,5.697
53,19,61,dcrb,5.697
53,9,3,dcrb,5.691
44,18,63,dcrb,5.689
44,19,68,dcrb,5.686
53,9,0,dcrb,5.683
53,19,59,dcrb,5.683
44,19,89,dcrb,5.68
53,14,58,dcrb,5.679
44,19,70,dcrb,5.676
53,9,4,dcrb,5.676
44,19,67,dcrb,5.662
53,19,67,dcrb,5.661
53,9,21,dcrb,5.652
44,9,20,dcrb,5.65
53,19,88,dcrb,5.647
44,19,78,dcrb,5.645
44,8,89,dcrb,5.638
53,9,5,dcrb,5.637
44,19,84,dcrb,5.624
44,19,87,dcrb,5.624
44,18,81,dcrb,5.619
53,19,93,dcrb,5.616
53,14,60,dcrb,5.615
44,19,76,dcrb,5.606
53,9,15,dcrb,5.606
53,8,95,dcrb,5.599
44,14,55,dcrb,5.598
53,19,74,dcrb,5.587
53,19,71,dcrb,5.586
44,19,71,dcrb,5.579
44,9,12,dcrb,5.577
44,19,93,dcrb,5.572
53,19,86,dcrb,5.57
53,19,82,dcrb,5.565
53,3,30,dcrb,5.561
44,8,95,dcrb,5.559
44,9,5,dcrb,5.558
44,19,73,dcrb,5.552
53,19,79,dcrb,5.55
53,9,1,dcrb,5.546
44,9,1,dcrb,5.543
53,3,24,dcrb,5.534
54,20,26,dcrb,5.531
44,19,82,dcrb,5.529
53,20,10,dcrb,5.529
84,8,4,fadc,5.526
44,19,80,dcrb,5.526
44,19,83,dcrb,5.524
53,19,77,dcrb,5.523
54,20,62,dcrb,5.523
53,19,90,dcrb,5.522
44,9,21,dcrb,5.516
53,9,14,dcrb,5.515
53,14,55,dcrb,5.515
44,19,74,dcrb,5.511
53,20,15,dcrb,5.509
44,9,13,dcrb,5.502
44,14,54,dcrb,5.5
53,9,6,dcrb,5.496
44,9,18,dcrb,5.491
53,14,53,dcrb,5.476
53,19,85,dcrb,5.474
29,8,6,fadc,5.471
44,9,11,dcrb,5.47
53,14,50,dcrb,5.47
53,19,83,dcrb,5.465
53,19,94,dcrb,5.464
44,19,77,dcrb,5.463
53,20,0,dcrb,5.463
44,20,0,dcrb,5.461
53,19,91,dcrb,5.451
54,20,39,dcrb,5.451
44,20,3,dcrb,5.45
44,19,94,dcrb,5.448
44,19,88,dcrb,5.446
53,9,28,dcrb,5.435
53,19,89,dcrb,5.435
44,9,16,dcrb,5.426
44,14,53,dcrb,5.419
44,19,85,dcrb,5.415
53,19,92,dcrb,5.404
54,20,27,dcrb,5.402
53,9,27,dcrb,5.401
44,14,50,dcrb,5.397
53,20,9,dcrb,5.397
44,19,86,dcrb,5.393
54,20,84,dcrb,5.384
53,20,21,dcrb,5.382
53,20,2,dcrb,5.38
53,9,10,dcrb,5.379
53,20,18,dcrb,5.371
54,9,86,dcrb,5.37
44,20,4,dcrb,5.359
44,14,52,dcrb,5.357
53,9,44,dcrb,5.339
44,19,92,dcrb,5.336
54,20,14,dcrb,5.336
53,20,1,dcrb,5.334
44,20,6,dcrb,5.333
54,20,38,dcrb,5.333
53,9,11,dcrb,5.329
53,19,95,dcrb,5.324
44,19,91,dcrb,5.318
44,9,26,dcrb,5.315
53,20,7,dcrb,5.304
44,9,19,dcrb,5.297
44,20,9,dcrb,5.296
53,20,11,dcrb,5.293
44,14,51,dcrb,5.281
53,9,16,dcrb,5.277
53,20,5,dcrb,5.271
44,9,17,dcrb,5.265
44,9,32,dcrb,5.264
44,20,1,dcrb,5.262
53,9,18,dcrb,5.253
53,9,17,dcrb,5.239
44,9,23,dcrb,5.237
53,14,44,dcrb,5.227
44,20,5,dcrb,5.224
44,20,15,dcrb,5.222
53,9,38,dcrb,5.211
53,14,47,dcrb,5.207
53,20,8,dcrb,5.203
54,20,44,dcrb,5.202
44,9,37,dcrb,5.199
44,19,95,dcrb,5.198
53,20,17,dcrb,5.194
53,20,12,dcrb,5.192
29,7,4,fadc,5.191
53,9,26,dcrb,5.191
44,20,7,dcrb,5.184
54,20,90,dcrb,5.182
44,14,49,dcrb,5.178
44,20,12,dcrb,5.177
53,14,49,dcrb,5.174
53,14,57,dcrb,5.174
44,9,22,dcrb,5.173
44,20,10,dcrb,5.171
53,9,23,dcrb,5.169
46,15,62,dcrb,5.164
53,9,22,dcrb,5.157
53,9,29,dcrb,5.153
53,9,46,dcrb,5.153
44,9,27,dcrb,5.149
53,20,16,dcrb,5.143
53,9,19,dcrb,5.136
53,9,32,dcrb,5.135
53,20,30,dcrb,5.133
53,20,13,dcrb,5.129
53,14,52,dcrb,5.124
44,14,48,dcrb,5.123
53,20,20,dcrb,5.121
53,9,7,dcrb,5.119
53,3,18,dcrb,5.118
54,8,21,dcrb,5.102
53,14,54,dcrb,5.096
53,20,33,dcrb,5.083
44,9,25,dcrb,5.077
44,20,37,dcrb,5.075
44,14,47,dcrb,5.074
84,8,6,fadc,5.07
44,9,33,dcrb,5.069
53,20,26,dcrb,5.067
44,20,13,dcrb,5.06
44,20,34,dcrb,5.059
53,20,27,dcrb,5.059
44,20,2,dcrb,5.049
44,14,44,dcrb,5.048
44,9,24,dcrb,5.047
53,20,24,dcrb,5.045
54,20,8,dcrb,5.044
44,20,32,dcrb,5.042
53,9,24,dcrb,5.04
53,20,19,dcrb,5.036
53,20,22,dcrb,5.032
54,20,33,dcrb,5.029
53,9,25,dcrb,5.023
53,20,32,dcrb,5.015
44,20,11,dcrb,5.014
44,20,33,dcrb,5.014
44,9,28,dcrb,5.013
44,9,35,dcrb,5.011
44,9,29,dcrb,4.993
44,20,38,dcrb,4.987
44,20,43,dcrb,4.979
53,3,27,dcrb,4.978
44,20,35,dcrb,4.969
53,20,25,dcrb,4.963
53,9,33,dcrb,4.962
53,9,35,dcrb,4.952
53,14,51,dcrb,4.949
44,14,46,dcrb,4.94
53,9,30,dcrb,4.938
53,20,28,dcrb,4.928
44,9,30,dcrb,4.927
53,9,34,dcrb,4.922
53,9,54,dcrb,4.912
44,20,40,dcrb,4.91
44,9,39,dcrb,4.907
53,20,23,dcrb,4.892
44,9,31,dcrb,4.889
44,14,45,dcrb,4.888
53,14,43,dcrb,4.885
44,20,39,dcrb,4.852
53,20,31,dcrb,4.845
44,20,41,dcrb,4.837
29,7,6,fadc,4.835
44,20,46,dcrb,4.827
53,20,38,dcrb,4.823
44,9,40,dcrb,4.813
44,20,44,dcrb,4.809
54,9,20,dcrb,4.809
44,9,36,dcrb,4.805
44,9,34,dcrb,4.801
53,9,36,dcrb,4.801
53,14,48,dcrb,4.795
53,14,46,dcrb,4.794
53,3,28,dcrb,4.786
53,20,34,dcrb,4.784
44,9,45,dcrb,4.783
44,14,43,dcrb,4.782
44,20,17,dcrb,4.782
53,20,29,dcrb,4.779
53,14,45,dcrb,4.768
53,20,40,dcrb,4.755
53,20,39,dcrb,4.754
53,3,22,dcrb,4.753
45,8,60,dcrb,4.749
44,9,44,dcrb,4.734
53,20,36,dcrb,4.733
44,20,47,dcrb,4.72
53,20,44,dcrb,4.72
44,9,41,dcrb,4.717
53,14,41,dcrb,4.717
44,9,48,dcrb,4.713
53,20,37,dcrb,4.707
53,9,50,dcrb,4.699
53,9,39,dcrb,4.69
53,20,35,dcrb,4.69
53,20,45,dcrb,4.688
44,20,45,dcrb,4.679
9,4,1,fadc,4.675
44,20,18,dcrb,4.653
44,9,50,dcrb,4.649
44,14,41,dcrb,4.649
44,14,42,dcrb,4.648
44,20,23,dcrb,4.641
53,20,42,dcrb,4.629
44,20,20,dcrb,4.627
44,14,38,dcrb,4.621
53,9,49,dcrb,4.605
44,9,46,dcrb,4.597
44,9,42,dcrb,4.579
44,9,55,dcrb,4.574
44,20,8,dcrb,4.574
44,9,43,dcrb,4.573
25,18,11,fadc,4.572
53,14,40,dcrb,4.565
44,20,24,dcrb,4.561
54,20,57,dcrb,4.558
53,9,51,dcrb,4.546
44,20,19,dcrb,4.545
44,20,21,dcrb,4.542
84,7,4,fadc,4.533
53,14,38,dcrb,4.53
53,20,41,dcrb,4.524
44,14,40,dcrb,4.521
44,20,14,dcrb,4.519
53,20,43,dcrb,4.494
44,20,26,dcrb,4.493
53,9,47,dcrb,4.492
53,20,46,dcrb,4.49
44,20,29,dcrb,4.468
44,9,47,dcrb,4.467
44,20,27,dcrb,4.455
53,20,48,dcrb,4.451
53,14,42,dcrb,4.443
53,20,47,dcrb,4.443
44,14,39,dcrb,4.431
44,20,25,dcrb,4.431
44,9,49,dcrb,4.429
53,20,50,dcrb,4.426
44,9,51,dcrb,4.425
54,9,26,dcrb,4.406
44,20,42,dcrb,4.403
44,20,30,dcrb,4.394
53,20,51,dcrb,4.394
44,9,56,dcrb,4.378
44,20,48,dcrb,4.36
53,9,56,dcrb,4.36
53,20,49,dcrb,4.354
54,9,95,dcrb,4.35
53,20,52,dcrb,4.345
44,20,51,dcrb,4.343
53,14,37,dcrb,4.341
54,20,3,dcrb,4.34
53,9,52,dcrb,4.338
54,9,62,dcrb,4.329
53,9,53,dcrb,4.32
44,9,52,dcrb,4.314
54,19,93,dcrb,4.309
53,3,21,dcrb,4.308
44,14,37,dcrb,4.307
53,9,62,dcrb,4.305
84,7,6,fadc,4.301
53,3,31,dcrb,4.294
44,9,59,dcrb,4.29
53,9,57,dcrb,4.29
53,20,60,dcrb,4.29
53,3,25,dcrb,4.289
53,9,58,dcrb,4.284
44,9,53,dcrb,4.283
44,9,62,dcrb,4.278
44,20,36,dcrb,4.278
53,20,58,dcrb,4.272
44,20,52,dcrb,4.266
44,20,49,dcrb,4.263
53,3,20,dcrb,4.259
44,20,54,dcrb,4.244
53,9,55,dcrb,4.241
53,20,57,dcrb,4.24
44,9,54,dcrb,4.238
53,20,59,dcrb,4.233
44,20,31,dcrb,4.229
44,20,57,dcrb,4.226
53,9,61,dcrb,4.225
54,20,64,dcrb,4.222
44,9,57,dcrb,4.214
53,20,53,dcrb,4.214
44,14,35,dcrb,4.213
53,20,54,dcrb,4.206
53,20,56,dcrb,4.204
53,9,59,dcrb,4.19
53,14,39,dcrb,4.19
44,14,36,dcrb,4.186
53,9,48,dcrb,4.186
44,20,55,dcrb,4.183
54,7,88,dcrb,4.176
53,3,23,dcrb,4.171
53,20,65,dcrb,4.168
53,20,55,dcrb,4.163
44,20,16,dcrb,4.157
54,8,33,dcrb,4.157
44,20,58,dcrb,4.154
44,9,58,dcrb,4.153
44,9,68,dcrb,4.147
44,20,59,dcrb,4.141
53,20,75,dcrb,4.141
53,9,74,dcrb,4.134
44,14,32,dcrb,4.117
53,20,74,dcrb,4.116
44,20,60,dcrb,4.115
44,9,61,dcrb,4.107
53,9,63,dcrb,4.1
44,9,60,dcrb,4.099
54,9,50,dcrb,4.099
44,9,64,dcrb,4.094
44,20,22,dcrb,4.094
44,20,53,dcrb,4.091
53,20,62,dcrb,4.091
53,20,63,dcrb,4.083
54,20,32,dcrb,4.08
53,9,60,dcrb,4.076
53,3,16,dcrb,4.074
44,9,65,dcrb,4.067
44,9,63,dcrb,4.066
53,20,68,dcrb,4.063
53,20,61,dcrb,4.059
53,20,64,dcrb,4.053
53,9,73,dcrb,4.047
53,20,69,dcrb,4.044
53,14,36,dcrb,4.043
53,9,68,dcrb,4.038
53,14,34,dcrb,4.029
53,14,35,dcrb,4.021
44,20,61,dcrb,4.019
53,9,64,dcrb,4.009
44,9,74,dcrb,3.998
53,9,65,dcrb,3.992
44,14,34,dcrb,3.988
53,9,67,dcrb,3.983
53,20,66,dcrb,3.979
44,20,63,dcrb,3.964
44,20,64,dcrb,3.957
54,20,81,dcrb,3.955
44,9,67,dcrb,3.952
44,9,70,dcrb,3.95
53,3,26,dcrb,3.95
53,9,66,dcrb,3.936
44,9,66,dcrb,3.931
44,20,72,dcrb,3.926
44,20,73,dcrb,3.924
53,20,67,dcrb,3.918
53,9,71,dcrb,3.911
44,9,71,dcrb,3.907
44,14,33,dcrb,3.906
54,20,93,dcrb,3.905
44,9,72,dcrb,3.903
44,20,66,dcrb,3.894
44,20,69,dcrb,3.894
44,20,65,dcrb,3.893
44,9,79,dcrb,3.892
44,20,62,dcrb,3.888
53,9,70,dcrb,3.885
44,9,69,dcrb,3.881
53,20,70,dcrb,3.879
54,9,33,dcrb,3.876
44,20,50,dcrb,3.862
44,20,67,dcrb,3.857
53,3,29,dcrb,3.854
44,20,70,dcrb,3.852
53,20,78,dcrb,3.851
44,9,80,dcrb,3.849
54,19,92,dcrb,3.845
53,9,69,dcrb,3.838
53,20,77,dcrb,3.831
44,14,31,dcrb,3.827
53,14,33,dcrb,3.816
53,20,71,dcrb,3.814
44,9,85,dcrb,3.802
44,20,56,dcrb,3.798
54,20,53,dcrb,3.793
53,7,20,dcrb,3.791
46,9,64,dcrb,3.783
54,20,87,dcrb,3.781
44,20,28,dcrb,3.778
44,20,71,dcrb,3.769
53,20,76,dcrb,3.767
53,20,72,dcrb,3.753
53,20,73,dcrb,3.752
54,20,67,dcrb,3.749
54,9,74,dcrb,3.741
7,9,8,fadc,3.738
53,20,79,dcrb,3.728
44,9,77,dcrb,3.723
54,19,15,dcrb,3.722
53,14,32,dcrb,3.719
44,14,29,dcrb,3.716
53,9,72,dcrb,3.714
53,9,75,dcrb,3.709
53,9,77,dcrb,3.707
44,20,75,dcrb,3.705
53,20,80,dcrb,3.7
25,3,4,fadc,3.697
53,9,76,dcrb,3.695
53,9,80,dcrb,3.695
45,7,61,dcrb,3.691
53,3,19,dcrb,3.685
44,20,76,dcrb,3.683
53,14,30,dcrb,3.679
44,9,76,dcrb,3.676
54,20,59,dcrb,3.675
25,7,5,fadc,3.672
53,14,31,dcrb,3.672
44,9,75,dcrb,3.668
54,20,29,dcrb,3.665
54,9,68,dcrb,3.658
54,19,74,dcrb,3.65
44,20,78,dcrb,3.645
44,14,30,dcrb,3.643
25,18,2,fadc,3.642
44,20,77,dcrb,3.641
44,20,89,dcrb,3.64
44,14,26,dcrb,3.634
44,20,88,dcrb,3.629
53,20,81,dcrb,3.625
44,20,79,dcrb,3.615
53,9,86,dcrb,3.605
53,20,89,dcrb,3.599
54,9,14,dcrb,3.599
53,9,79,dcrb,3.588
44,9,83,dcrb,3.587
44,20,82,dcrb,3.587
53,20,88,dcrb,3.585
53,20,82,dcrb,3.572
44,20,81,dcrb,3.563
53,20,86,dcrb,3.557
44,9,86,dcrb,3.553
44,14,28,dcrb,3.542
53,9,83,dcrb,3.541
53,3,32,dcrb,3.539
44,9,78,dcrb,3.538
53,9,78,dcrb,3.527
44,9,81,dcrb,3.52
44,9,82,dcrb,3.514
44,20,83,dcrb,3.5
53,9,82,dcrb,3.495
53,20,83,dcrb,3.491
54,9,56,dcrb,3.488
53,20,84,dcrb,3.486
54,8,92,dcrb,3.465
44,20,85,dcrb,3.453
53,20,85,dcrb,3.453
53,20,91,dcrb,3.453
54,20,47,dcrb,3.441
54,9,2,dcrb,3.44
53,9,88,dcrb,3.433
53,20,87,dcrb,3.429
54,19,21,dcrb,3.428
44,20,68,dcrb,3.426
53,20,94,dcrb,3.426
44,20,84,dcrb,3.417
29,8,1,fadc,3.413
44,9,89,dcrb,3.412
53,9,89,dcrb,3.407
54,9,32,dcrb,3.406
53,14,28,dcrb,3.4
54,8,27,dcrb,3.399
53,20,95,dcrb,3.391
44,14,25,dcrb,3.389
44,9,92,dcrb,3.381
54,20,35,dcrb,3.38
53,14,29,dcrb,3.378
53,9,85,dcrb,3.377
53,20,90,dcrb,3.372
54,8,51,dcrb,3.365
44,20,87,dcrb,3.359
53,20,92,dcrb,3.357
53,9,81,dcrb,3.355
53,9,92,dcrb,3.351
54,20,41,dcrb,3.344
53,9,84,dcrb,3.342
29,8,3,fadc,3.341
54,8,39,dcrb,3.341
54,20,9,dcrb,3.335
44,20,86,dcrb,3.322
44,20,91,dcrb,3.318
53,3,17,dcrb,3.312
44,20,90,dcrb,3.311
54,9,21,dcrb,3.31
44,14,27,dcrb,3.306
53,14,27,dcrb,3.301
9,3,15,fadc,3.295
7,6,10,fadc,3.288
44,9,91,dcrb,3.28
44,9,87,dcrb,3.278
55,6,87,dcrb,3.278
53,14,26,dcrb,3.272
44,20,95,dcrb,3.265
7,9,4,fadc,3.256
44,14,23,dcrb,3.241
44,20,94,dcrb,3.241
53,9,87,dcrb,3.239
44,20,74,dcrb,3.238
25,3,11,fadc,3.233
54,20,17,dcrb,3.22
54,19,80,dcrb,3.215
44,9,90,dcrb,3.21
54,9,8,dcrb,3.204
54,20,2,dcrb,3.204
53,9,91,dcrb,3.198
44,14,24,dcrb,3.183
53,20,93,dcrb,3.182
7,9,5,fadc,3.181
44,20,93,dcrb,3.178
54,20,73,dcrb,3.177
44,9,95,dcrb,3.176
53,9,95,dcrb,3.174
53,14,24,dcrb,3.162
44,14,20,dcrb,3.161
25,18,5,fadc,3.149
44,9,94,dcrb,3.145
53,9,94,dcrb,3.143
27,3,14,fadc,3.133
7,7,5,fadc,3.127
9,4,4,fadc,3.127
54,19,86,dcrb,3.086
44,14,22,dcrb,3.075
53,14,25,dcrb,3.075
54,18,93,dcrb,3.075
27,4,0,fadc,3.072
54,20,82,dcrb,3.072
53,9,90,dcrb,3.071
7,7,1,fadc,3.068
53,3,14,dcrb,3.064
54,19,20,dcrb,3.064
54,19,87,dcrb,3.06
53,3,15,dcrb,3.053
9,4,3,fadc,3.051
54,7,76,dcrb,3.043
55,7,62,dcrb,3.042
54,9,27,dcrb,3.035
44,9,93,dcrb,3.027
54,8,15,dcrb,3.014
54,20,94,dcrb,3.014
54,9,44,dcrb,3.009
7,7,2,fadc,3.006
84,8,1,fadc,2.994
44,20,92,dcrb,2.991
53,9,93,dcrb,2.974
54,20,69,dcrb,2.972
7,7,4,fadc,2.965
54,20,83,dcrb,2.965
54,20,86,dcrb,2.958
27,4,2,fadc,2.957
84,8,3,fadc,2.957
54,19,44,dcrb,2.953
45,5,85,dcrb,2.926
54,20,23,dcrb,2.926
7,7,0,fadc,2.915
44,14,19,dcrb,2.901
27,3,12,fadc,2.879
53,3,13,dcrb,2.873
53,14,20,dcrb,2.866
54,19,68,dcrb,2.866
27,4,7,fadc,2.851
53,14,23,dcrb,2.85
25,7,6,fadc,2.841
53,3,12,dcrb,2.837
45,5,67,dcrb,2.834
44,14,21,dcrb,2.833
54,19,3,dcrb,2.833
54,19,39,dcrb,2.833
45,5,79,dcrb,2.828
54,20,37,dcrb,2.821
45,5,61,dcrb,2.801
7,7,3,fadc,2.793
45,5,73,dcrb,2.793
54,19,77,dcrb,2.787
54,8,24,dcrb,2.786
7,9,9,fadc,2.785
54,19,50,dcrb,2.782
54,20,70,dcrb,2.779
44,14,17,dcrb,2.777
54,7,80,dcrb,2.776
27,4,4,fadc,2.76
54,19,56,dcrb,2.756
53,14,22,dcrb,2.728
53,14,21,dcrb,2.727
9,4,6,fadc,2.72
54,19,27,dcrb,2.71
54,19,89,dcrb,2.709
54,9,18,dcrb,2.704
44,14,14,dcrb,2.7
54,20,88,dcrb,2.696
44,20,80,dcrb,2.695
45,6,2,dcrb,2.695
54,20,49,dcrb,2.689
9,3,13,fadc,2.686
54,8,57,dcrb,2.684
54,8,63,dcrb,2.684
54,20,61,dcrb,2.682
44,14,18,dcrb,2.68
7,9,7,fadc,2.676
54,20,24,dcrb,2.676
54,19,57,dcrb,2.671
9,3,11,fadc,2.667
45,5,91,dcrb,2.665
54,20,28,dcrb,2.653
54,20,76,dcrb,2.646
54,19,33,dcrb,2.642
54,9,39,dcrb,2.635
25,3,5,fadc,2.633
54,8,69,dcrb,2.631
54,20,31,dcrb,2.631
7,7,6,fadc,2.628
54,20,48,dcrb,2.628
27,3,13,fadc,2.624
54,19,32,dcrb,2.621
54,8,75,dcrb,2.609
54,20,79,dcrb,2.607
54,9,49,dcrb,2.601
54,20,54,dcrb,2.599
53,14,14,dcrb,2.588
54,20,80,dcrb,2.571
27,4,5,fadc,2.567
45,8,53,dcrb,2.564
25,3,8,fadc,2.563
54,20,55,dcrb,2.563
54,8,18,dcrb,2.559
9,3,14,fadc,2.552
53,3,10,dcrb,2.547
54,20,95,dcrb,2.54
53,3,8,dcrb,2.536
54,20,66,dcrb,2.526
54,20,58,dcrb,2.519
55,6,63,dcrb,2.519
53,14,19,dcrb,2.516
54,20,52,dcrb,2.516
54,19,71,dcrb,2.502
55,6,75,dcrb,2.499
46,6,21,dcrb,2.492
55,6,69,dcrb,2.489
54,19,38,dcrb,2.487
54,19,69,dcrb,2.487
44,14,16,dcrb,2.486
7,3,5,fadc,2.483
46,7,9,dcrb,2.476
55,6,86,dcrb,2.472
55,6,3,dcrb,2.47
54,20,89,dcrb,2.469
53,3,6,dcrb,2.467
55,7,9,dcrb,2.467
46,7,15,dcrb,2.463
55,6,81,dcrb,2.461
54,20,42,dcrb,2.458
27,4,3,fadc,2.454
46,7,30,dcrb,2.453
46,7,3,dcrb,2.451
53,3,11,dcrb,2.451
7,6,15,fadc,2.45
54,9,38,dcrb,2.45
54,20,34,dcrb,2.448
55,6,57,dcrb,2.445
55,6,9,dcrb,2.444
54,19,62,dcrb,2.442
55,7,21,dcrb,2.442
55,6,56,dcrb,2.437
53,3,9,dcrb,2.436
46,5,93,dcrb,2.432
46,6,3,dcrb,2.432
55,6,74,dcrb,2.432
55,5,90,dcrb,2.431
27,4,11,fadc,2.43
46,7,21,dcrb,2.428
46,6,20,dcrb,2.425
54,19,45,dcrb,2.425
54,19,81,dcrb,2.42
55,5,93,dcrb,2.419
46,6,0,dcrb,2.418
27,3,11,fadc,2.415
54,20,60,dcrb,2.415
54,8,45,dcrb,2.413
54,19,83,dcrb,2.411
45,5,55,dcrb,2.409
46,7,12,dcrb,2.409
46,6,15,dcrb,2.401
46,8,21,dcrb,2.399
55,6,85,dcrb,2.399
55,8,21,dcrb,2.399
54,8,14,dcrb,2.398
55,7,15,dcrb,2.398
54,8,74,dcrb,2.397
54,9,30,dcrb,2.396
46,6,9,dcrb,2.392
55,7,3,dcrb,2.391
46,7,27,dcrb,2.387
46,8,15,dcrb,2.386
46,18,9,dcrb,2.381
54,20,18,dcrb,2.381
46,7,33,dcrb,2.379
46,7,10,dcrb,2.378
55,6,51,dcrb,2.378
46,7,31,dcrb,2.373
55,8,15,dcrb,2.372
54,8,86,dcrb,2.37
54,20,30,dcrb,2.37
55,7,27,dcrb,2.369
25,3,3,fadc,2.365
53,14,18,dcrb,2.363
55,6,18,dcrb,2.36
27,4,1,fadc,2.359
46,7,6,dcrb,2.359
44,14,13,dcrb,2.358
55,7,12,dcrb,2.35
54,8,20,dcrb,2.345
55,6,21,dcrb,2.345
46,7,18,dcrb,2.341
55,6,93,dcrb,2.341
46,18,8,dcrb,2.34
44,4,2,dcrb,2.339
46,17,87,dcrb,2.339
46,8,9,dcrb,2.335
54,9,15,dcrb,2.332
53,3,5,dcrb,2.331
54,19,17,dcrb,2.33
55,19,45,dcrb,2.33
9,4,9,fadc,2.329
54,19,79,dcrb,2.329
27,4,9,fadc,2.328
46,18,6,dcrb,2.328
46,5,94,dcrb,2.327
46,6,18,dcrb,2.325
46,8,18,dcrb,2.324
55,8,9,dcrb,2.324
54,9,45,dcrb,2.323
55,8,18,dcrb,2.323
7,3,7,fadc,2.322
46,4,93,dcrb,2.322
55,6,0,dcrb,2.321
25,4,2,fadc,2.32
55,6,15,dcrb,2.319
55,8,27,dcrb,2.318
55,8,45,dcrb,2.318
46,7,39,dcrb,2.317
46,8,27,dcrb,2.317
7,6,12,fadc,2.316
46,8,6,dcrb,2.316
46,6,6,dcrb,2.315
55,5,92,dcrb,2.315
46,5,90,dcrb,2.314
46,7,34,dcrb,2.314
46,7,26,dcrb,2.313
46,8,24,dcrb,2.313
46,7,11,dcrb,2.312
55,7,11,dcrb,2.312
46,7,0,dcrb,2.311
55,7,6,dcrb,2.311
54,19,9,dcrb,2.31
55,7,4,dcrb,2.309
46,8,12,dcrb,2.308
55,7,20,dcrb,2.308
46,4,87,dcrb,2.303
46,6,93,dcrb,2.303
55,6,12,dcrb,2.303
46,5,87,dcrb,2.301
46,7,13,dcrb,2.301
55,7,33,dcrb,2.301
55,8,22,dcrb,2.301
46,6,12,dcrb,2.296
46,7,4,dcrb,2.296
55,8,39,dcrb,2.296
46,7,16,dcrb,2.294
46,5,3,dcrb,2.292
55,4,87,dcrb,2.291
55,6,6,dcrb,2.29
46,5,88,dcrb,2.289
55,5,94,dcrb,2.289
46,7,24,dcrb,2.288
46,7,22,dcrb,2.287
46,7,36,dcrb,2.287
55,8,33,dcrb,2.287
55,4,93,dcrb,2.285
55,7,0,dcrb,2.285
54,20,92,dcrb,2.284
54,7,74,dcrb,2.283
55,7,56,dcrb,2.283
55,8,24,dcrb,2.283
27,3,9,fadc,2.281
54,20,68,dcrb,2.281
55,8,10,dcrb,2.279
55,19,24,dcrb,2.279
46,8,16,dcrb,2.276
55,6,50,dcrb,2.276
46,6,94,dcrb,2.275
46,8,22,dcrb,2.275
55,7,2,dcrb,2.275
44,14,11,dcrb,2.273
46,17,63,dcrb,2.273
55,8,42,dcrb,2.272
45,5,44,dcrb,2.271
46,7,7,dcrb,2.271
46,8,33,dcrb,2.271
46,18,27,dcrb,2.27
55,18,78,dcrb,2.27
55,7,10,dcrb,2.269
46,6,24,dcrb,2.268
55,8,6,dcrb,2.266
46,18,21,dcrb,2.265
45,8,74,dcrb,2.264
55,5,30,dcrb,2.264
55,5,87,dcrb,2.264
46,7,2,dcrb,2.263
55,7,28,dcrb,2.263
46,17,81,dcrb,2.261
46,18,3,dcrb,2.261
46,18,24,dcrb,2.261
55,7,26,dcrb,2.261
25,9,9,fadc,2.259
46,8,3,dcrb,2.259
46,18,57,dcrb,2.259
55,7,36,dcrb,2.259
46,6,16,dcrb,2.258
46,6,56,dcrb,2.258
46,8,25,dcrb,2.258
46,8,39,dcrb,2.258
46,7,78,dcrb,2.257
46,8,5,dcrb,2.257
55,7,16,dcrb,2.257
46,7,17,dcrb,2.256
46,18,15,dcrb,2.256
55,7,34,dcrb,2.256
27,3,15,fadc,2.255
46,7,25,dcrb,2.255
46,18,4,dcrb,2.255
46,18,93,dcrb,2.255
55,7,39,dcrb,2.255
55,8,8,dcrb,2.255
55,19,44,dcrb,2.255
46,17,93,dcrb,2.254
46,7,5,dcrb,2.253
46,17,90,dcrb,2.253
54,9,24,dcrb,2.252
55,8,12,dcrb,2.252
55,17,9,dcrb,2.252
55,19,9,dcrb,2.252
9,3,12,fadc,2.251
46,18,18,dcrb,2.251
54,8,42,dcrb,2.251
55,8,16,dcrb,2.251
46,8,28,dcrb,2.25
54,19,95,dcrb,2.25
55,5,3,dcrb,2.249
55,6,94,dcrb,2.249
7,3,6,fadc,2.248
46,6,90,dcrb,2.248
46,7,1,dcrb,2.248
55,8,28,dcrb,2.248
46,7,8,dcrb,2.247
46,7,28,dcrb,2.247
54,8,80,dcrb,2.246
55,6,45,dcrb,2.246
46,17,42,dcrb,2.245
46,7,23,dcrb,2.244
46,8,26,dcrb,2.244
46,7,94,dcrb,2.243
46,18,40,dcrb,2.243
46,18,45,dcrb,2.243
55,7,14,dcrb,2.243
55,7,17,dcrb,2.243
46,8,19,dcrb,2.241
46,6,27,dcrb,2.24
46,7,20,dcrb,2.24
46,19,9,dcrb,2.24
46,6,10,dcrb,2.239
46,6,95,dcrb,2.239
46,5,9,dcrb,2.238
46,5,84,dcrb,2.238
46,6,1,dcrb,2.238
54,19,75,dcrb,2.238
55,5,10,dcrb,2.238
46,8,45,dcrb,2.237
46,18,72,dcrb,2.237
55,6,2,dcrb,2.237
55,8,30,dcrb,2.237
46,18,33,dcrb,2.235
55,7,30,dcrb,2.235
55,7,68,dcrb,2.235
55,18,57,dcrb,2.235
55,19,27,dcrb,2.235
46,6,88,dcrb,2.234
46,7,14,dcrb,2.234
46,7,51,dcrb,2.234
46,8,30,dcrb,2.234
55,5,20,dcrb,2.234
55,8,51,dcrb,2.234
55,17,93,dcrb,2.234
46,7,93,dcrb,2.233
46,7,32,dcrb,2.232
54,19,26,dcrb,2.232
46,19,15,dcrb,2.231
46,8,10,dcrb,2.23
46,8,13,dcrb,2.23
54,9,23,dcrb,2.23
55,8,19,dcrb,2.23
55,8,32,dcrb,2.229
46,18,87,dcrb,2.228
55,6,16,dcrb,2.228
55,18,9,dcrb,2.227
55,19,15,dcrb,2.227
46,7,19,dcrb,2.226
46,8,14,dcrb,2.226
55,6,4,dcrb,2.226
46,19,21,dcrb,2.225
46,19,27,dcrb,2.225
46,18,75,dcrb,2.224
54,18,74,dcrb,2.224
55,7,13,dcrb,2.224
55,7,18,dcrb,2.224
46,6,87,dcrb,2.223
55,6,80,dcrb,2.223
44,14,8,dcrb,2.222
46,7,68,dcrb,2.222
55,6,72,dcrb,2.222
25,3,6,fadc,2.221
46,6,4,dcrb,2.221
46,7,44,dcrb,2.221
46,7,57,dcrb,2.221
46,19,3,dcrb,2.221
55,8,14,dcrb,2.221
55,6,11,dcrb,2.22
55,8,26,dcrb,2.219
46,6,22,dcrb,2.218
46,6,91,dcrb,2.218
46,17,69,dcrb,2.218
54,19,51,dcrb,2.218
54,20,40,dcrb,2.218
55,6,90,dcrb,2.218
46,6,25,dcrb,2.217
46,7,45,dcrb,2.217
46,8,57,dcrb,2.217
55,6,1,dcrb,2.217
55,7,32,dcrb,2.217
55,8,3,dcrb,2.217
9,3,9,fadc,2.216
46,17,75,dcrb,2.216
55,18,21,dcrb,2.216
46,5,91,dcrb,2.215
55,6,20,dcrb,2.215
55,7,24,dcrb,2.215
55,7,31,dcrb,2.215
55,8,23,dcrb,2.215
25,7,7,fadc,2.214
55,7,8,dcrb,2.214
46,8,8,dcrb,2.213
53,14,16,dcrb,2.213
55,19,33,dcrb,2.213
46,6,63,dcrb,2.212
46,18,12,dcrb,2.211
55,7,22,dcrb,2.211
55,8,25,dcrb,2.211
46,19,12,dcrb,2.21
55,8,48,dcrb,2.21
55,19,21,dcrb,2.21
46,18,81,dcrb,2.209
55,6,88,dcrb,2.209
7,18,4,fadc,2.208
46,7,52,dcrb,2.208
46,8,51,dcrb,2.208
46,19,45,dcrb,2.208
54,19,63,dcrb,2.208
55,6,22,dcrb,2.208
55,7,5,dcrb,2.208
55,7,29,dcrb,2.208
46,19,51,dcrb,2.207
55,19,51,dcrb,2.207
46,7,84,dcrb,2.206
46,8,23,dcrb,2.206
46,17,72,dcrb,2.206
46,18,30,dcrb,2.206
55,19,3,dcrb,2.206
46,6,84,dcrb,2.204
46,6,89,dcrb,2.204
46,18,0,dcrb,2.204
55,7,92,dcrb,2.204
46,6,68,dcrb,2.203
46,17,62,dcrb,2.203
46,18,22,dcrb,2.203
54,7,56,dcrb,2.203
46,6,62,dcrb,2.202
46,8,17,dcrb,2.202
46,18,69,dcrb,2.202
55,18,33,dcrb,2.202
46,7,87,dcrb,2.201
46,7,90,dcrb,2.201
7,3,9,fadc,2.2
9,4,8,fadc,2.2
55,6,8,dcrb,2.2
44,14,15,dcrb,2.199
46,6,34,dcrb,2.199
46,6,92,dcrb,2.199
46,8,32,dcrb,2.199
46,6,57,dcrb,2.198
46,7,37,dcrb,2.198
46,18,84,dcrb,2.198
54,9,34,dcrb,2.198
55,7,7,dcrb,2.198
55,7,25,dcrb,2.198
46,5,81,dcrb,2.197
46,8,29,dcrb,2.197
55,7,38,dcrb,2.197
46,6,17,dcrb,2.196
46,18,25,dcrb,2.196
46,18,66,dcrb,2.196
54,19,29,dcrb,2.196
55,7,40,dcrb,2.196
55,8,17,dcrb,2.196
55,18,27,dcrb,2.196
46,6,69,dcrb,2.195
46,7,75,dcrb,2.195
55,8,34,dcrb,2.195
55,19,39,dcrb,2.195
46,7,40,dcrb,2.194
46,19,57,dcrb,2.194
53,3,7,dcrb,2.194
55,8,11,dcrb,2.194
46,5,95,dcrb,2.193
55,7,93,dcrb,2.193
7,9,6,fadc,2.192
46,6,81,dcrb,2.192
46,7,35,dcrb,2.192
46,19,31,dcrb,2.192
55,6,25,dcrb,2.192
55,7,88,dcrb,2.192
55,18,15,dcrb,2.192
55,19,12,dcrb,2.192
55,19,18,dcrb,2.192
46,18,39,dcrb,2.191
54,9,54,dcrb,2.191
55,6,24,dcrb,2.191
55,6,89,dcrb,2.191
55,7,1,dcrb,2.191
46,7,62,dcrb,2.19
46,7,92,dcrb,2.19
55,6,95,dcrb,2.19
55,8,20,dcrb,2.19
55,8,36,dcrb,2.19
46,6,2,dcrb,2.189
46,8,7,dcrb,2.189
46,8,11,dcrb,2.189
46,7,38,dcrb,2.188
46,8,48,dcrb,2.188
46,6,7,dcrb,2.187
46,8,20,dcrb,2.187
46,18,63,dcrb,2.187
55,5,88,dcrb,2.187
46,8,36,dcrb,2.186
46,19,39,dcrb,2.186
55,7,35,dcrb,2.186
46,6,19,dcrb,2.185
46,17,51,dcrb,2.185
46,18,51,dcrb,2.185
55,8,38,dcrb,2.185
46,7,63,dcrb,2.184
46,8,52,dcrb,2.184
46,8,56,dcrb,2.184
46,6,14,dcrb,2.183
46,6,50,dcrb,2.183
46,8,4,dcrb,2.183
46,17,57,dcrb,2.183
46,19,25,dcrb,2.183
55,4,84,dcrb,2.183
46,17,91,dcrb,2.182
54,8,81,dcrb,2.182
25,9,8,fadc,2.181
46,7,29,dcrb,2.181
46,8,55,dcrb,2.181
46,19,24,dcrb,2.181
46,6,13,dcrb,2.18
46,18,44,dcrb,2.18
53,14,13,dcrb,2.18
55,6,14,dcrb,2.18
55,7,19,dcrb,2.18
55,7,63,dcrb,2.18
55,8,31,dcrb,2.18
45,8,81,dcrb,2.179
46,8,42,dcrb,2.179
46,19,10,dcrb,2.179
55,6,13,dcrb,2.179
55,7,75,dcrb,2.179
55,19,25,dcrb,2.179
45,8,57,dcrb,2.178
46,5,89,dcrb,2.178
46,6,75,dcrb,2.178
46,18,73,dcrb,2.178
46,17,84,dcrb,2.177
46,18,94,dcrb,2.177
46,19,18,dcrb,2.177
55,5,81,dcrb,2.177
55,6,10,dcrb,2.177
55,8,29,dcrb,2.177
46,18,90,dcrb,2.176
55,7,57,dcrb,2.176
46,8,54,dcrb,2.175
46,18,16,dcrb,2.175
55,4,94,dcrb,2.175
55,5,84,dcrb,2.175
55,8,43,dcrb,2.175
55,17,87,dcrb,2.175
46,5,92,dcrb,2.174
46,6,70,dcrb,2.174
46,7,42,dcrb,2.174
46,17,78,dcrb,2.174
55,8,40,dcrb,2.174
46,7,81,dcrb,2.173
55,6,41,dcrb,2.173
55,7,78,dcrb,2.173
55,18,3,dcrb,2.173
46,6,61,dcrb,2.172
55,7,37,dcrb,2.172
46,7,95,dcrb,2.171
46,18,89,dcrb,2.171
46,19,28,dcrb,2.171
46,17,94,dcrb,2.17
46,18,34,dcrb,2.17
55,6,79,dcrb,2.17
46,6,82,dcrb,2.169
46,7,88,dcrb,2.169
46,8,53,dcrb,2.169
46,19,16,dcrb,2.169
46,19,19,dcrb,2.169
55,8,57,dcrb,2.169
46,7,79,dcrb,2.168
46,8,34,dcrb,2.168
46,18,10,dcrb,2.168
55,8,13,dcrb,2.168
55,8,52,dcrb,2.168
55,8,54,dcrb,2.168
46,6,11,dcrb,2.167
46,18,5,dcrb,2.167
54,8,95,dcrb,2.167
55,7,87,dcrb,2.167
55,7,94,dcrb,2.167
55,18,58,dcrb,2.167
46,6,80,dcrb,2.166
46,8,2,dcrb,2.165
46,8,38,dcrb,2.165
54,8,48,dcrb,2.165
55,5,9,dcrb,2.165
55,6,62,dcrb,2.165
55,6,84,dcrb,2.165
55,6,92,dcrb,2.165
46,7,66,dcrb,2.164
46,18,92,dcrb,2.164
46,8,31,dcrb,2.163
46,19,22,dcrb,2.163
55,7,89,dcrb,2.163
46,4,90,dcrb,2.162
46,6,52,dcrb,2.162
46,6,86,dcrb,2.162
46,18,82,dcrb,2.162
55,6,27,dcrb,2.162
46,7,69,dcrb,2.161
46,17,3,dcrb,2.161
46,18,2,dcrb,2.161
46,18,13,dcrb,2.161
55,6,19,dcrb,2.161
55,7,52,dcrb,2.161
55,8,35,dcrb,2.161
55,18,68,dcrb,2.161
46,6,78,dcrb,2.16
46,19,6,dcrb,2.16
46,7,41,dcrb,2.159
46,7,48,dcrb,2.159
46,7,91,dcrb,2.159
46,8,44,dcrb,2.159
46,18,50,dcrb,2.159
55,8,55,dcrb,2.159
46,6,60,dcrb,2.158
46,8,0,dcrb,2.158
55,6,34,dcrb,2.158
45,8,80,dcrb,2.157
46,5,0,dcrb,2.157
46,6,74,dcrb,2.157
54,7,60,dcrb,2.157
55,6,49,dcrb,2.157
46,5,85,dcrb,2.156
46,7,89,dcrb,2.156
46,18,28,dcrb,2.156
55,8,37,dcrb,2.156
55,8,46,dcrb,2.156
55,17,75,dcrb,2.156
46,6,30,dcrb,2.155
46,6,51,dcrb,2.155
46,6,76,dcrb,2.155
46,16,93,dcrb,2.155
46,18,54,dcrb,2.155
55,4,90,dcrb,2.155
55,18,81,dcrb,2.155
55,19,63,dcrb,2.155
46,5,82,dcrb,2.154
46,6,79,dcrb,2.154
46,16,87,dcrb,2.154
55,8,49,dcrb,2.154
55,18,52,dcrb,2.154
46,6,85,dcrb,2.153
46,7,60,dcrb,2.153
46,19,4,dcrb,2.153
55,7,42,dcrb,2.153
55,19,36,dcrb,2.153
46,6,28,dcrb,2.152
46,8,49,dcrb,2.152
46,19,14,dcrb,2.152
46,19,50,dcrb,2.152
55,6,7,dcrb,2.152
55,8,0,dcrb,2.152
46,8,61,dcrb,2.151
46,18,88,dcrb,2.151
46,19,0,dcrb,2.151
46,19,29,dcrb,2.151
46,19,34,dcrb,2.151
55,7,45,dcrb,2.151
55,8,4,dcrb,2.151
55,18,45,dcrb,2.151
55,19,30,dcrb,2.151
46,6,8,dcrb,2.15
46,6,64,dcrb,2.15
46,8,1,dcrb,2.15
46,8,37,dcrb,2.15
46,19,13,dcrb,2.15
55,19,57,dcrb,2.15
7,3,11,fadc,2.149
46,19,1,dcrb,2.149
46,19,40,dcrb,2.149
46,19,58,dcrb,2.149
55,5,95,dcrb,2.149
55,17,81,dcrb,2.149
55,18,18,dcrb,2.149
55,19,22,dcrb,2.149
46,6,5,dcrb,2.148
46,7,46,dcrb,2.148
46,18,37,dcrb,2.148
46,19,44,dcrb,2.148
55,19,8,dcrb,2.148
55,19,10,dcrb,2.148
46,6,40,dcrb,2.147
46,7,56,dcrb,2.147
46,19,56,dcrb,2.147
54,8,38,dcrb,2.147
46,6,42,dcrb,2.146
46,6,45,dcrb,2.146
46,8,35,dcrb,2.146
46,19,54,dcrb,2.146
54,8,26,dcrb,2.146
55,6,54,dcrb,2.146
55,18,93,dcrb,2.146
55,19,13,dcrb,2.146
46,5,80,dcrb,2.145
46,8,59,dcrb,2.145
46,17,15,dcrb,2.145
46,18,85,dcrb,2.145
54,9,3,dcrb,2.145
54,9,48,dcrb,2.145
55,5,91,dcrb,2.145
55,6,66,dcrb,2.145
55,6,91,dcrb,2.145
46,6,41,dcrb,2.144
46,6,44,dcrb,2.144
46,6,71,dcrb,2.144
46,18,1,dcrb,2.144
46,18,91,dcrb,2.144
55,8,7,dcrb,2.144
55,8,62,dcrb,2.144
55,19,54,dcrb,2.144
46,6,83,dcrb,2.143
46,7,54,dcrb,2.143
46,18,19,dcrb,2.143
46,18,38,dcrb,2.143
55,7,86,dcrb,2.143
55,19,34,dcrb,2.143
46,7,64,dcrb,2.142
54,20,74,dcrb,2.142
55,7,81,dcrb,2.142
55,18,24,dcrb,2.142
55,19,0,dcrb,2.142
54,19,14,dcrb,2.141
55,18,28,dcrb,2.141
55,18,75,dcrb,2.141
55,18,87,dcrb,2.141
46,6,23,dcrb,2.14
46,17,44,dcrb,2.14
46,18,20,dcrb,2.14
46,18,78,dcrb,2.14
55,7,69,dcrb,2.14
55,17,8,dcrb,2.14
55,19,6,dcrb,2.14
46,6,39,dcrb,2.139
46,17,92,dcrb,2.139
46,18,56,dcrb,2.139
46,18,64,dcrb,2.139
46,19,7,dcrb,2.139
46,19,11,dcrb,2.139
55,7,90,dcrb,2.139
55,18,22,dcrb,2.139
55,19,42,dcrb,2.139
7,7,7,fadc,2.138
46,4,84,dcrb,2.138
55,6,5,dcrb,2.138
55,6,60,dcrb,2.138
55,8,44,dcrb,2.138
55,8,92,dcrb,2.138
46,18,60,dcrb,2.137
46,18,70,dcrb,2.137
55,6,26,dcrb,2.137
55,8,59,dcrb,2.137
55,18,63,dcrb,2.137
46,19,23,dcrb,2.136
54,20,11,dcrb,2.136
46,19,32,dcrb,2.135
46,19,43,dcrb,2.135
55,8,2,dcrb,2.135
55,19,48,dcrb,2.135
46,4,88,dcrb,2.134
46,18,58,dcrb,2.134
55,6,17,dcrb,2.134
45,6,5,dcrb,2.133
46,7,86,dcrb,2.133
46,18,48,dcrb,2.133
46,18,95,dcrb,2.133
46,19,38,dcrb,2.133
53,14,11,dcrb,2.133
55,5,75,dcrb,2.133
55,5,86,dcrb,2.133
46,7,72,dcrb,2.132
46,19,63,dcrb,2.132
55,17,54,dcrb,2.132
45,8,75,dcrb,2.131
46,6,53,dcrb,2.131
46,17,73,dcrb,2.131
55,7,23,dcrb,2.131
46,7,50,dcrb,2.13
46,8,58,dcrb,2.13
46,6,33,dcrb,2.129
46,8,40,dcrb,2.129
46,8,50,dcrb,2.129
46,18,36,dcrb,2.129
55,6,68,dcrb,2.129
55,8,58,dcrb,2.129
55,5,82,dcrb,2.128
55,6,73,dcrb,2.128
55,7,85,dcrb,2.128
7,4,7,fadc,2.127
46,6,67,dcrb,2.127
46,7,67,dcrb,2.127
46,8,62,dcrb,2.127
46,19,69,dcrb,2.127
55,5,0,dcrb,2.127
55,8,47,dcrb,2.127
55,17,15,dcrb,2.127
55,17,52,dcrb,2.127
55,19,37,dcrb,2.127
46,5,4,dcrb,2.126
46,7,76,dcrb,2.126
46,18,7,dcrb,2.126
55,6,70,dcrb,2.126
55,7,41,dcrb,2.126
55,7,60,dcrb,2.126
55,19,16,dcrb,2.126
46,17,39,dcrb,2.125
46,19,20,dcrb,2.125
46,19,37,dcrb,2.125
54,20,22,dcrb,2.125
55,7,50,dcrb,2.125
55,19,28,dcrb,2.125
55,19,46,dcrb,2.125
46,18,42,dcrb,2.124
46,19,41,dcrb,2.124
46,19,42,dcrb,2.124
55,18,6,dcrb,2.124
46,6,58,dcrb,2.123
55,7,74,dcrb,2.123
55,8,50,dcrb,2.123
55,8,56,dcrb,2.123
55,18,30,dcrb,2.123
55,18,69,dcrb,2.123
55,19,4,dcrb,2.123
45,6,57,dcrb,2.122
46,5,78,dcrb,2.122
46,8,60,dcrb,2.122
46,6,54,dcrb,2.121
46,7,85,dcrb,2.121
46,8,46,dcrb,2.121
46,8,65,dcrb,2.121
46,18,79,dcrb,2.121
46,18,80,dcrb,2.121
55,7,95,dcrb,2.121
55,19,69,dcrb,2.121
45,8,56,dcrb,2.12
46,6,55,dcrb,2.12
46,7,70,dcrb,2.12
46,17,88,dcrb,2.12
54,8,40,dcrb,2.12
55,7,84,dcrb,2.12
46,6,73,dcrb,2.119
46,17,9,dcrb,2.119
46,17,82,dcrb,2.119
46,18,31,dcrb,2.119
46,19,60,dcrb,2.119
54,8,8,dcrb,2.119
54,8,62,dcrb,2.119
55,5,85,dcrb,2.119
55,8,41,dcrb,2.119
46,6,66,dcrb,2.118
46,7,49,dcrb,2.118
55,6,76,dcrb,2.118
46,7,65,dcrb,2.117
46,8,41,dcrb,2.117
46,19,26,dcrb,2.117
54,8,78,dcrb,2.117
55,6,39,dcrb,2.117
55,6,33,dcrb,2.116
55,7,53,dcrb,2.116
55,19,31,dcrb,2.116
55,19,52,dcrb,2.116
46,17,66,dcrb,2.115
46,18,68,dcrb,2.115
55,7,79,dcrb,2.115
55,8,53,dcrb,2.115
55,8,73,dcrb,2.115
55,19,19,dcrb,2.115
55,19,20,dcrb,2.115
55,19,23,dcrb,2.115
46,6,77,dcrb,2.114
54,7,86,dcrb,2.114
55,6,82,dcrb,2.114
55,7,76,dcrb,2.114
46,7,82,dcrb,2.113
46,8,47,dcrb,2.113
46,16,81,dcrb,2.113
46,19,5,dcrb,2.113
46,19,53,dcrb,2.113
55,6,78,dcrb,2.113
46,6,72,dcrb,2.112
46,18,41,dcrb,2.112
46,19,8,dcrb,2.112
55,8,72,dcrb,2.112
55,17,90,dcrb,2.112
55,18,94,dcrb,2.112
46,5,86,dcrb,2.111
46,6,29,dcrb,2.111
55,5,89,dcrb,2.111
55,18,90,dcrb,2.111
55,19,50,dcrb,2.111
55,18,0,dcrb,2.11
55,18,39,dcrb,2.11
55,19,29,dcrb,2.11
46,6,36,dcrb,2.109
46,18,26,dcrb,2.109
46,19,47,dcrb,2.109
55,8,5,dcrb,2.109
55,8,68,dcrb,2.109
55,17,69,dcrb,2.109
46,7,53,dcrb,2.108
54,8,36,dcrb,2.108
54,9,51,dcrb,2.108
46,17,33,dcrb,2.107
46,18,43,dcrb,2.107
46,18,55,dcrb,2.107
46,19,30,dcrb,2.107
55,8,1,dcrb,2.107
55,8,64,dcrb,2.107
55,18,51,dcrb,2.107
55,19,41,dcrb,2.107
55,19,60,dcrb,2.107
46,19,35,dcrb,2.106
54,19,23,dcrb,2.106
55,18,62,dcrb,2.106
55,19,40,dcrb,2.106
46,6,65,dcrb,2.105
46,18,74,dcrb,2.105
55,4,81,dcrb,2.105
55,7,44,dcrb,2.105
55,7,48,dcrb,2.105
46,7,43,dcrb,2.104
46,7,61,dcrb,2.104
55,6,36,dcrb,2.104
55,7,61,dcrb,2.104
55,7,80,dcrb,2.104
55,18,60,dcrb,2.104
55,19,32,dcrb,2.104
46,7,73,dcrb,2.103
46,19,17,dcrb,2.103
46,19,81,dcrb,2.103
55,7,43,dcrb,2.103
55,18,70,dcrb,2.103
46,5,83,dcrb,2.102
46,7,58,dcrb,2.102
46,18,46,dcrb,2.102
46,19,72,dcrb,2.102
55,7,46,dcrb,2.102
55,19,61,dcrb,2.102
46,8,43,dcrb,2.101
46,18,65,dcrb,2.101
55,7,82,dcrb,2.101
55,16,87,dcrb,2.101
46,5,6,dcrb,2.1
46,18,76,dcrb,2.1
54,9,9,dcrb,2.1
55,7,58,dcrb,2.1
55,7,64,dcrb,2.1
55,19,2,dcrb,2.1
46,6,43,dcrb,2.099
46,17,0,dcrb,2.099
46,18,14,dcrb,2.099
53,14,8,dcrb,2.099
55,6,64,dcrb,2.099
55,7,72,dcrb,2.099
55,17,61,dcrb,2.099
55,18,66,dcrb,2.099
55,19,49,dcrb,2.099
46,4,81,dcrb,2.098
46,6,59,dcrb,2.098
55,3,87,dcrb,2.098
55,5,78,dcrb,2.098
55,6,40,dcrb,2.098
55,7,51,dcrb,2.098
55,7,91,dcrb,2.098
55,17,63,dcrb,2.098
55,17,84,dcrb,2.098
55,19,7,dcrb,2.098
46,17,45,dcrb,2.097
46,18,23,dcrb,2.097
46,18,67,dcrb,2.097
55,7,83,dcrb,2.097
55,8,80,dcrb,2.097
55,18,8,dcrb,2.097
55,18,48,dcrb,2.097
46,5,75,dcrb,2.096
46,19,2,dcrb,2.096
55,7,77,dcrb,2.096
55,18,4,dcrb,2.096
55,18,16,dcrb,2.096
55,19,35,dcrb,2.096
46,17,21,dcrb,2.095
46,18,62,dcrb,2.095
46,18,83,dcrb,2.095
46,19,75,dcrb,2.095
55,6,52,dcrb,2.095
55,19,43,dcrb,2.095
46,17,77,dcrb,2.094
46,18,17,dcrb,2.094
46,18,86,dcrb,2.094
55,18,12,dcrb,2.094
55,18,56,dcrb,2.094
55,19,64,dcrb,2.094
46,8,63,dcrb,2.093
46,8,64,dcrb,2.093
46,19,33,dcrb,2.093
46,19,61,dcrb,2.093
55,17,3,dcrb,2.093
55,18,72,dcrb,2.093
55,19,78,dcrb,2.093
46,6,32,dcrb,2.092
55,5,83,dcrb,2.092
55,8,60,dcrb,2.092
55,18,67,dcrb,2.092
55,18,84,dcrb,2.092
55,19,38,dcrb,2.092
55,19,53,dcrb,2.092
46,6,38,dcrb,2.091
46,8,68,dcrb,2.091
46,17,6,dcrb,2.091
46,17,79,dcrb,2.091
55,6,61,dcrb,2.091
55,6,83,dcrb,2.091
55,8,82,dcrb,2.091
55,8,95,dcrb,2.091
55,19,58,dcrb,2.091
55,20,9,dcrb,2.091
46,6,49,dcrb,2.09
46,7,47,dcrb,2.09
46,19,59,dcrb,2.09
54,7,92,dcrb,2.09
46,17,27,dcrb,2.089
46,17,95,dcrb,2.089
46,18,11,dcrb,2.089
55,6,44,dcrb,2.089
55,18,46,dcrb,2.089
46,5,79,dcrb,2.088
46,7,77,dcrb,2.088
46,8,66,dcrb,2.088
55,6,71,dcrb,2.088
55,7,66,dcrb,2.088
55,17,78,dcrb,2.088
55,18,25,dcrb,2.088
55,19,47,dcrb,2.088
46,17,64,dcrb,2.087
46,17,86,dcrb,2.087
46,18,52,dcrb,2.087
55,6,46,dcrb,2.087
55,7,73,dcrb,2.087
55,8,61,dcrb,2.087
55,17,88,dcrb,2.087
55,19,17,dcrb,2.087
46,6,48,dcrb,2.086
46,18,29,dcrb,2.086
46,19,55,dcrb,2.086
55,6,30,dcrb,2.086
55,18,1,dcrb,2.086
46,19,49,dcrb,2.085
55,6,77,dcrb,2.085
55,16,93,dcrb,2.085
46,19,64,dcrb,2.084
46,19,65,dcrb,2.084
55,7,65,dcrb,2.084
55,18,23,dcrb,2.084
55,19,75,dcrb,2.084
55,20,10,dcrb,2.084
46,18,61,dcrb,2.083
55,17,51,dcrb,2.083
55,18,7,dcrb,2.083
55,18,19,dcrb,2.083
55,18,73,dcrb,2.083
55,19,11,dcrb,2.083
55,19,26,dcrb,2.083
45,9,9,dcrb,2.082
46,8,69,dcrb,2.082
46,18,47,dcrb,2.082
55,4,88,dcrb,2.082
55,6,48,dcrb,2.082
55,18,10,dcrb,2.082
55,7,67,dcrb,2.081
55,17,57,dcrb,2.081
46,17,54,dcrb,2.08
55,7,49,dcrb,2.08
55,7,59,dcrb,2.08
55,17,21,dcrb,2.08
7,18,9,fadc,2.079
46,19,68,dcrb,2.079
55,8,67,dcrb,2.079
55,19,56,dcrb,2.079
55,18,42,dcrb,2.078
55,18,88,dcrb,2.078
46,17,76,dcrb,2.077
46,18,53,dcrb,2.077
55,18,82,dcrb,2.077
46,7,71,dcrb,2.076
46,7,80,dcrb,2.076
46,17,60,dcrb,2.076
46,18,71,dcrb,2.076
46,5,69,dcrb,2.075
46,8,74,dcrb,2.075
46,18,77,dcrb,2.075
46,19,71,dcrb,2.075
55,7,47,dcrb,2.075
46,17,70,dcrb,2.074
46,19,62,dcrb,2.074
55,7,70,dcrb,2.074
55,18,76,dcrb,2.074
46,6,47,dcrb,2.073
46,7,83,dcrb,2.073
46,16,90,dcrb,2.073
46,17,85,dcrb,2.073
54,9,22,dcrb,2.073
55,7,54,dcrb,2.073
55,19,87,dcrb,2.073
46,6,26,dcrb,2.072
55,6,38,dcrb,2.072
55,6,67,dcrb,2.072
55,18,54,dcrb,2.072
46,6,35,dcrb,2.071
46,6,46,dcrb,2.071
55,8,63,dcrb,2.071
55,17,82,dcrb,2.071
55,17,92,dcrb,2.071
55,19,14,dcrb,2.071
55,19,76,dcrb,2.071
54,8,72,dcrb,2.07
55,6,37,dcrb,2.07
55,7,71,dcrb,2.07
46,16,72,dcrb,2.069
46,19,66,dcrb,2.069
55,6,59,dcrb,2.069
55,8,65,dcrb,2.069
55,19,55,dcrb,2.069
55,19,62,dcrb,2.069
55,19,68,dcrb,2.069
46,19,78,dcrb,2.068
54,9,65,dcrb,2.068
55,6,58,dcrb,2.068
55,18,61,dcrb,2.068
55,19,66,dcrb,2.068
46,6,37,dcrb,2.067
46,19,80,dcrb,2.067
46,8,71,dcrb,2.066
46,18,49,dcrb,2.066
54,7,78,dcrb,2.066
55,6,55,dcrb,2.066
55,17,45,dcrb,2.066
55,19,81,dcrb,2.066
55,17,0,dcrb,2.065
55,17,94,dcrb,2.065
55,19,59,dcrb,2.065
46,5,76,dcrb,2.064
46,8,67,dcrb,2.064
46,17,12,dcrb,2.064
46,17,48,dcrb,2.064
46,17,65,dcrb,2.064
46,19,70,dcrb,2.064
46,19,74,dcrb,2.064
55,18,2,dcrb,2.064
55,18,36,dcrb,2.064
46,19,67,dcrb,2.063
46,19,76,dcrb,2.063
55,19,1,dcrb,2.063
55,19,65,dcrb,2.063
55,19,72,dcrb,2.063
46,4,94,dcrb,2.062
55,17,72,dcrb,2.062
55,17,77,dcrb,2.062
55,19,71,dcrb,2.062
45,7,46,dcrb,2.061
55,5,80,dcrb,2.061
55,17,39,dcrb,2.061
55,18,20,dcrb,2.061
46,3,87,dcrb,2.06
46,18,35,dcrb,2.06
46,18,59,dcrb,2.06
55,6,53,dcrb,2.06
55,8,74,dcrb,2.06
55,8,94,dcrb,2.06
55,17,27,dcrb,2.06
55,19,67,dcrb,2.06
54,9,53,dcrb,2.059
55,6,28,dcrb,2.059
55,18,40,dcrb,2.059
46,8,80,dcrb,2.058
55,17,6,dcrb,2.058
46,17,24,dcrb,2.057
55,8,66,dcrb,2.056
55,18,74,dcrb,2.056
55,18,79,dcrb,2.056
55,20,3,dcrb,2.056
54,20,46,dcrb,2.055
55,8,75,dcrb,2.055
55,18,64,dcrb,2.055
46,17,68,dcrb,2.054
46,17,89,dcrb,2.054
55,7,55,dcrb,2.054
55,17,66,dcrb,2.054
55,19,74,dcrb,2.054
46,5,72,dcrb,2.053
55,5,79,dcrb,2.053
46,5,63,dcrb,2.052
46,16,75,dcrb,2.052
55,8,76,dcrb,2.052
55,19,5,dcrb,2.052
25,16,5,fadc,2.051
46,6,31,dcrb,2.051
55,6,32,dcrb,2.051
55,18,71,dcrb,2.051
55,19,73,dcrb,2.051
46,16,78,dcrb,2.05
46,19,82,dcrb,2.05
46,19,87,dcrb,2.05
55,6,23,dcrb,2.05
55,17,18,dcrb,2.05
55,18,83,dcrb,2.049
55,18,86,dcrb,2.049
25,9,5,fadc,2.048
46,5,77,dcrb,2.048
46,17,4,dcrb,2.048
46,19,84,dcrb,2.048
54,8,54,dcrb,2.048
55,18,65,dcrb,2.048
46,5,73,dcrb,2.047
54,20,25,dcrb,2.047
55,6,29,dcrb,2.047
55,6,31,dcrb,2.047
55,17,48,dcrb,2.047
46,5,74,dcrb,2.046
55,6,42,dcrb,2.046
55,6,43,dcrb,2.046
55,8,69,dcrb,2.046
55,9,44,dcrb,2.046
55,18,43,dcrb,2.046
45,8,63,dcrb,2.045
45,9,8,dcrb,2.045
46,19,79,dcrb,2.045
54,8,87,dcrb,2.045
55,17,85,dcrb,2.045
55,18,55,dcrb,2.045
55,18,77,dcrb,2.045
53,14,15,dcrb,2.044
54,7,81,dcrb,2.044
55,18,85,dcrb,2.044
55,18,91,dcrb,2.044
46,16,69,dcrb,2.043
55,5,76,dcrb,2.043
55,6,65,dcrb,2.043
55,18,34,dcrb,2.043
45,5,47,dcrb,2.042
46,19,88,dcrb,2.042
54,7,95,dcrb,2.042
55,19,70,dcrb,2.042
46,17,18,dcrb,2.041
46,17,40,dcrb,2.041
46,17,74,dcrb,2.041
46,19,93,dcrb,2.041
54,7,51,dcrb,2.041
54,8,60,dcrb,2.041
54,19,35,dcrb,2.041
54,19,65,dcrb,2.041
55,5,6,dcrb,2.041
55,17,46,dcrb,2.041
55,18,26,dcrb,2.041
55,18,92,dcrb,2.041
55,18,31,dcrb,2.04
46,19,77,dcrb,2.039
55,8,71,dcrb,2.039
55,18,89,dcrb,2.039
44,14,12,dcrb,2.038
46,4,82,dcrb,2.038
46,17,67,dcrb,2.038
46,17,83,dcrb,2.038
55,16,81,dcrb,2.038
55,18,13,dcrb,2.038
45,6,42,dcrb,2.037
54,19,25,dcrb,2.037
55,5,74,dcrb,2.037
55,8,70,dcrb,2.037
55,17,12,dcrb,2.037
55,18,49,dcrb,2.037
55,19,82,dcrb,2.037
46,17,71,dcrb,2.036
46,20,3,dcrb,2.036
55,6,35,dcrb,2.036
55,16,69,dcrb,2.036
55,18,29,dcrb,2.036
46,5,66,dcrb,2.035
46,17,10,dcrb,2.035
46,19,73,dcrb,2.035
54,8,3,dcrb,2.035
55,5,52,dcrb,2.035
55,5,69,dcrb,2.035
55,17,58,dcrb,2.035
55,19,85,dcrb,2.035
46,16,84,dcrb,2.034
55,6,47,dcrb,2.034
55,17,76,dcrb,2.034
7,3,4,fadc,2.033
46,8,72,dcrb,2.033
55,18,95,dcrb,2.033
46,8,77,dcrb,2.032
46,17,16,dcrb,2.032
54,19,8,dcrb,2.032
55,17,60,dcrb,2.032
46,17,58,dcrb,2.031
54,18,68,dcrb,2.031
55,5,63,dcrb,2.031
55,17,91,dcrb,2.031
55,16,75,dcrb,2.03
55,17,64,dcrb,2.03
25,9,7,fadc,2.029
46,8,92,dcrb,2.029
46,17,52,dcrb,2.029
55,8,93,dcrb,2.029
55,17,70,dcrb,2.029
46,5,1,dcrb,2.028
46,8,81,dcrb,2.028
46,17,46,dcrb,2.028
46,19,86,dcrb,2.028
55,5,72,dcrb,2.028
55,18,5,dcrb,2.028
46,5,57,dcrb,2.027
46,5,60,dcrb,2.027
46,17,36,dcrb,2.027
55,5,70,dcrb,2.027
55,20,24,dcrb,2.027
45,8,68,dcrb,2.026
55,8,81,dcrb,2.026
55,17,95,dcrb,2.026
46,5,64,dcrb,2.025
46,8,79,dcrb,2.025
55,5,60,dcrb,2.025
55,9,2,dcrb,2.025
45,8,78,dcrb,2.023
46,5,8,dcrb,2.023
46,20,0,dcrb,2.023
54,20,36,dcrb,2.023
55,17,56,dcrb,2.023
46,5,51,dcrb,2.022
46,20,9,dcrb,2.022
55,18,32,dcrb,2.022
55,19,84,dcrb,2.022
9,4,5,fadc,2.021
46,8,75,dcrb,2.021
46,8,76,dcrb,2.021
46,16,94,dcrb,2.021
55,18,44,dcrb,2.021
55,17,33,dcrb,2.02
46,8,73,dcrb,2.019
46,20,14,dcrb,2.019
55,8,89,dcrb,2.019
55,17,30,dcrb,2.019
55,19,93,dcrb,2.019
55,4,82,dcrb,2.018
46,17,30,dcrb,2.017
46,19,48,dcrb,2.017
55,20,21,dcrb,2.017
46,5,68,dcrb,2.016
46,19,36,dcrb,2.016
54,8,90,dcrb,2.016
55,5,77,dcrb,2.016
55,9,8,dcrb,2.016
55,18,59,dcrb,2.016
46,20,6,dcrb,2.015
55,16,90,dcrb,2.015
45,5,49,dcrb,2.014
55,5,57,dcrb,2.014
55,5,58,dcrb,2.014
55,8,85,dcrb,2.014
55,8,86,dcrb,2.014
55,17,79,dcrb,2.014
55,19,89,dcrb,2.014
46,4,85,dcrb,2.013
46,8,70,dcrb,2.013
46,8,82,dcrb,2.013
46,19,90,dcrb,2.013
46,19,92,dcrb,2.013
55,18,37,dcrb,2.013
46,17,7,dcrb,2.012
46,17,53,dcrb,2.012
55,4,78,dcrb,2.012
55,18,47,dcrb,2.012
46,5,70,dcrb,2.011
46,16,91,dcrb,2.011
46,17,61,dcrb,2.011
46,5,45,dcrb,2.01
46,8,83,dcrb,2.01
46,19,85,dcrb,2.01
55,5,67,dcrb,2.01
55,8,78,dcrb,2.01
55,17,68,dcrb,2.01
55,20,15,dcrb,2.01
46,7,74,dcrb,2.009
46,8,78,dcrb,2.009
46,19,94,dcrb,2.009
55,5,64,dcrb,2.009
55,17,74,dcrb,2.009
55,17,89,dcrb,2.009
55,18,17,dcrb,2.009
55,19,79,dcrb,2.009
46,4,91,dcrb,2.008
46,16,88,dcrb,2.008
55,8,79,dcrb,2.008
46,20,24,dcrb,2.006
55,19,77,dcrb,2.006
55,19,86,dcrb,2.006
46,7,55,dcrb,2.005
46,8,86,dcrb,2.005
46,17,50,dcrb,2.005
46,20,10,dcrb,2.005
55,17,40,dcrb,2.005
46,4,78,dcrb,2.004
55,8,83,dcrb,2.004
55,9,40,dcrb,2.004
46,16,82,dcrb,2.003
46,19,89,dcrb,2.003
54,7,61,dcrb,2.003
55,5,73,dcrb,2.003
55,8,84,dcrb,2.003
46,20,15,dcrb,2.002
55,17,10,dcrb,2.002
55,18,14,dcrb,2.002
55,18,38,dcrb,2.002
46,16,73,dcrb,2.001
46,17,49,dcrb,2.001
54,7,12,dcrb,2.001
46,9,2,dcrb,2.0
55,17,36,dcrb,2.0
55,19,80,dcrb,2.0
55,20,6,dcrb,2.0
46,5,15,dcrb,1.999
46,9,3,dcrb,1.999
46,17,55,dcrb,1.999
54,8,30,dcrb,1.999
54,20,16,dcrb,1.999
55,5,71,dcrb,1.999
55,16,84,dcrb,1.999
55,18,11,dcrb,1.999
55,19,88,dcrb,1.999
46,17,28,dcrb,1.998
46,17,56,dcrb,1.998
55,5,66,dcrb,1.998
55,18,53,dcrb,1.998
46,8,85,dcrb,1.997
54,8,9,dcrb,1.997
55,5,51,dcrb,1.997
55,17,42,dcrb,1.997
54,7,9,dcrb,1.996
55,19,83,dcrb,1.996
45,8,70,dcrb,1.995
46,16,95,dcrb,1.995
46,17,1,dcrb,1.995
46,19,83,dcrb,1.995
46,19,91,dcrb,1.995
55,17,86,dcrb,1.995
55,20,18,dcrb,1.995
46,17,59,dcrb,1.994
55,17,80,dcrb,1.994
55,18,50,dcrb,1.994
46,5,49,dcrb,1.993
46,9,20,dcrb,1.993
46,20,7,dcrb,1.993
55,17,4,dcrb,1.993
46,5,65,dcrb,1.992
55,8,77,dcrb,1.992
54,9,28,dcrb,1.991
46,17,13,dcrb,1.99
46,20,18,dcrb,1.99
55,17,67,dcrb,1.99
46,5,12,dcrb,1.989
46,19,46,dcrb,1.989
55,3,93,dcrb,1.989
55,4,85,dcrb,1.989
55,8,88,dcrb,1.989
55,20,27,dcrb,1.989
7,4,12,fadc,1.988
46,5,54,dcrb,1.988
55,18,41,dcrb,1.988
45,8,15,dcrb,1.987
46,19,95,dcrb,1.987
55,4,91,dcrb,1.987
55,9,14,dcrb,1.987
55,19,90,dcrb,1.987
45,6,94,dcrb,1.986
55,5,15,dcrb,1.986
55,20,8,dcrb,1.986
55,20,12,dcrb,1.986
46,5,39,dcrb,1.985
46,17,34,dcrb,1.985
54,8,22,dcrb,1.985
46,17,5,dcrb,1.984
55,17,24,dcrb,1.984
55,19,91,dcrb,1.984
55,20,4,dcrb,1.984
46,5,23,dcrb,1.983
54,8,44,dcrb,1.983
55,16,94,dcrb,1.983
46,8,84,dcrb,1.982
55,5,22,dcrb,1.982
55,18,35,dcrb,1.982
46,7,59,dcrb,1.981
46,8,90,dcrb,1.981
46,17,41,dcrb,1.981
55,5,54,dcrb,1.981
55,9,9,dcrb,1.981
46,5,10,dcrb,1.98
46,9,5,dcrb,1.98
46,9,8,dcrb,1.98
54,19,91,dcrb,1.98
54,20,19,dcrb,1.98
46,5,48,dcrb,1.979
46,20,12,dcrb,1.979
54,9,16,dcrb,1.979
54,19,85,dcrb,1.979
55,5,4,dcrb,1.979
55,20,1,dcrb,1.979
46,5,52,dcrb,1.978
46,5,67,dcrb,1.978
46,8,87,dcrb,1.978
55,5,65,dcrb,1.978
7,4,5,fadc,1.977
46,20,1,dcrb,1.977
46,8,89,dcrb,1.976
46,17,37,dcrb,1.976
46,20,2,dcrb,1.976
55,5,68,dcrb,1.976
55,20,14,dcrb,1.976
45,6,56,dcrb,1.975
46,17,19,dcrb,1.975
46,17,43,dcrb,1.975
55,17,73,dcrb,1.975
55,19,92,dcrb,1.975
46,5,58,dcrb,1.974
54,7,57,dcrb,1.974
46,5,56,dcrb,1.973
55,9,27,dcrb,1.973
55,17,16,dcrb,1.973
55,20,0,dcrb,1.973
46,16,85,dcrb,1.972
46,17,11,dcrb,1.972
54,7,45,dcrb,1.972
45,6,0,dcrb,1.971
46,17,17,dcrb,1.971
54,8,2,dcrb,1.971
55,17,37,dcrb,1.971
55,17,83,dcrb,1.971
46,5,71,dcrb,1.97
55,5,53,dcrb,1.97
55,8,90,dcrb,1.97
55,20,16,dcrb,1.97
7,6,11,fadc,1.969
45,8,73,dcrb,1.969
46,8,88,dcrb,1.969
46,20,21,dcrb,1.969
55,5,45,dcrb,1.969
55,5,40,dcrb,1.968
55,9,41,dcrb,1.968
55,16,78,dcrb,1.968
55,20,2,dcrb,1.968
55,20,13,dcrb,1.968
46,5,61,dcrb,1.967
46,9,6,dcrb,1.967
55,9,3,dcrb,1.967
55,17,49,dcrb,1.967
46,9,24,dcrb,1.966
46,17,22,dcrb,1.966
55,9,28,dcrb,1.966
55,20,7,dcrb,1.966
7,4,11,fadc,1.965
46,16,92,dcrb,1.965
46,20,22,dcrb,1.965
55,9,20,dcrb,1.965
46,5,62,dcrb,1.964
46,19,52,dcrb,1.964
55,9,15,dcrb,1.964
46,8,94,dcrb,1.963
55,4,75,dcrb,1.963
55,8,91,dcrb,1.963
55,20,5,dcrb,1.963
46,8,93,dcrb,1.962
46,9,4,dcrb,1.962
46,17,25,dcrb,1.962
46,20,5,dcrb,1.962
54,9,31,dcrb,1.962
55,8,87,dcrb,1.962
45,8,69,dcrb,1.961
45,8,82,dcrb,1.961
46,4,89,dcrb,1.961
46,5,26,dcrb,1.961
46,9,15,dcrb,1.961
46,16,63,dcrb,1.961
54,9,17,dcrb,1.961
55,3,81,dcrb,1.961
55,5,39,dcrb,1.961
55,5,55,dcrb,1.961
55,20,28,dcrb,1.961
46,16,76,dcrb,1.96
46,20,16,dcrb,1.96
55,17,55,dcrb,1.96
55,20,30,dcrb,1.96
46,5,27,dcrb,1.959
46,5,46,dcrb,1.959
46,5,50,dcrb,1.959
46,9,0,dcrb,1.959
46,9,9,dcrb,1.959
46,20,27,dcrb,1.959
55,20,11,dcrb,1.959
46,5,18,dcrb,1.958
46,8,95,dcrb,1.958
46,16,57,dcrb,1.958
46,20,11,dcrb,1.958
54,7,75,dcrb,1.958
54,8,56,dcrb,1.958
55,19,94,dcrb,1.958
55,20,17,dcrb,1.958
45,8,45,dcrb,1.957
46,3,93,dcrb,1.957
46,17,47,dcrb,1.957
46,20,25,dcrb,1.957
55,5,50,dcrb,1.957
55,5,59,dcrb,1.957
55,17,34,dcrb,1.957
55,19,95,dcrb,1.957
55,20,20,dcrb,1.957
46,9,14,dcrb,1.956
46,17,31,dcrb,1.956
46,17,38,dcrb,1.956
54,9,47,dcrb,1.956
46,9,10,dcrb,1.955
55,5,56,dcrb,1.955
55,17,47,dcrb,1.955
45,8,62,dcrb,1.954
46,5,42,dcrb,1.954
54,9,52,dcrb,1.954
55,5,1,dcrb,1.954
7,18,8,fadc,1.953
46,5,24,dcrb,1.953
46,16,86,dcrb,1.953
55,5,24,dcrb,1.953
55,5,33,dcrb,1.951
55,5,62,dcrb,1.951
55,17,43,dcrb,1.951
45,6,1,dcrb,1.95
46,20,33,dcrb,1.95
55,5,12,dcrb,1.95
55,16,88,dcrb,1.95
44,14,10,dcrb,1.949
45,8,72,dcrb,1.949
46,3,81,dcrb,1.949
46,20,42,dcrb,1.949
55,9,33,dcrb,1.949
46,5,7,dcrb,1.948
46,9,7,dcrb,1.948
46,9,18,dcrb,1.948
55,9,45,dcrb,1.948
55,20,22,dcrb,1.948
46,5,21,dcrb,1.947
46,20,28,dcrb,1.947
55,4,95,dcrb,1.947
46,9,1,dcrb,1.946
55,4,76,dcrb,1.946
55,5,61,dcrb,1.946
55,9,4,dcrb,1.946
46,9,16,dcrb,1.945
46,16,80,dcrb,1.945
46,17,26,dcrb,1.945
54,9,57,dcrb,1.945
55,17,22,dcrb,1.945
55,5,49,dcrb,1.944
55,9,0,dcrb,1.944
55,17,28,dcrb,1.944
53,14,17,dcrb,1.943
55,9,17,dcrb,1.943
55,17,7,dcrb,1.943
46,9,13,dcrb,1.942
46,9,17,dcrb,1.942
55,9,7,dcrb,1.942
55,17,13,dcrb,1.942
27,4,6,fadc,1.941
46,5,43,dcrb,1.941
46,5,59,dcrb,1.941
46,9,21,dcrb,1.941
46,9,23,dcrb,1.941
46,17,8,dcrb,1.941
55,9,6,dcrb,1.941
46,9,12,dcrb,1.94
46,9,26,dcrb,1.94
55,17,71,dcrb,1.94
46,4,83,dcrb,1.939
46,16,89,dcrb,1.939
55,9,1,dcrb,1.939
55,16,82,dcrb,1.939
55,16,91,dcrb,1.939
55,20,19,dcrb,1.939
55,20,34,dcrb,1.939
45,7,15,dcrb,1.938
46,17,35,dcrb,1.938
46,9,19,dcrb,1.937
46,20,8,dcrb,1.937
55,5,27,dcrb,1.937
55,5,48,dcrb,1.937
46,17,32,dcrb,1.936
55,9,11,dcrb,1.936
55,16,63,dcrb,1.936
46,5,33,dcrb,1.935
46,8,91,dcrb,1.935
46,9,22,dcrb,1.935
46,17,20,dcrb,1.935
46,20,17,dcrb,1.935
55,17,2,dcrb,1.935
25,9,6,fadc,1.934
46,5,16,dcrb,1.934
55,16,72,dcrb,1.934
45,8,27,dcrb,1.933
46,5,55,dcrb,1.933
46,20,26,dcrb,1.933
55,4,63,dcrb,1.933
55,9,21,dcrb,1.933
55,9,26,dcrb,1.933
55,16,68,dcrb,1.933
45,6,58,dcrb,1.932
54,9,12,dcrb,1.932
55,16,51,dcrb,1.932
45,6,86,dcrb,1.931
45,6,95,dcrb,1.931
45,8,21,dcrb,1.931
46,5,40,dcrb,1.931
46,17,29,dcrb,1.931
46,20,13,dcrb,1.931
54,9,41,dcrb,1.931
55,9,5,dcrb,1.931
46,4,75,dcrb,1.93
46,9,28,dcrb,1.93
55,9,10,dcrb,1.93
55,9,30,dcrb,1.93
25,7,2,fadc,1.929
45,7,9,dcrb,1.929
54,8,28,dcrb,1.929
54,6,90,dcrb,1.928
55,9,13,dcrb,1.928
55,20,26,dcrb,1.928
46,20,30,dcrb,1.927
55,4,79,dcrb,1.927
55,16,57,dcrb,1.927
46,17,14,dcrb,1.926
54,8,6,dcrb,1.926
55,9,29,dcrb,1.926
7,4,14,fadc,1.925
45,8,93,dcrb,1.925
55,9,16,dcrb,1.925
55,9,23,dcrb,1.925
55,16,85,dcrb,1.925
46,20,23,dcrb,1.924
55,17,5,dcrb,1.924
45,8,66,dcrb,1.923
46,4,79,dcrb,1.923
46,4,95,dcrb,1.923
46,20,20,dcrb,1.923
46,20,39,dcrb,1.923
55,5,21,dcrb,1.923
55,5,46,dcrb,1.923
55,20,25,dcrb,1.923
46,16,51,dcrb,1.922
54,20,43,dcrb,1.922
55,9,12,dcrb,1.922
55,17,65,dcrb,1.922
46,9,11,dcrb,1.921
46,20,19,dcrb,1.921
45,8,33,dcrb,1.92
45,9,15,dcrb,1.92
46,9,27,dcrb,1.92
55,5,42,dcrb,1.92
55,20,23,dcrb,1.92
46,16,68,dcrb,1.919
46,16,77,dcrb,1.919
55,5,34,dcrb,1.919
55,9,19,dcrb,1.919
55,17,41,dcrb,1.919
45,8,84,dcrb,1.918
54,7,44,dcrb,1.918
55,9,24,dcrb,1.918
45,8,87,dcrb,1.917
46,9,32,dcrb,1.917
55,5,32,dcrb,1.917
55,17,59,dcrb,1.916
55,20,31,dcrb,1.916
54,8,68,dcrb,1.915
46,4,86,dcrb,1.914
46,20,34,dcrb,1.914
55,5,18,dcrb,1.914
55,9,22,dcrb,1.914
55,16,95,dcrb,1.914
46,5,47,dcrb,1.913
46,5,53,dcrb,1.913
46,17,23,dcrb,1.913
54,7,6,dcrb,1.913
55,9,46,dcrb,1.913
55,20,33,dcrb,1.913
55,16,45,dcrb,1.912
46,5,36,dcrb,1.911
55,9,18,dcrb,1.911
55,20,39,dcrb,1.911
46,5,22,dcrb,1.909
54,7,65,dcrb,1.909
55,5,28,dcrb,1.909
55,9,42,dcrb,1.909
55,20,29,dcrb,1.909
46,9,38,dcrb,1.908
54,18,62,dcrb,1.908
46,9,30,dcrb,1.907
55,5,36,dcrb,1.907
55,5,43,dcrb,1.907
46,4,80,dcrb,1.906
46,5,13,dcrb,1.906
46,5,32,dcrb,1.906
55,5,16,dcrb,1.906
55,16,76,dcrb,1.906
55,17,1,dcrb,1.906
55,17,62,dcrb,1.906
54,8,34,dcrb,1.905
54,8,52,dcrb,1.905
55,17,53,dcrb,1.905
55,20,36,dcrb,1.905
45,8,51,dcrb,1.904
46,5,41,dcrb,1.904
45,7,36,dcrb,1.903
46,4,69,dcrb,1.903
46,5,44,dcrb,1.903
46,9,31,dcrb,1.903
53,3,4,dcrb,1.903
45,8,90,dcrb,1.902
46,20,45,dcrb,1.902
55,17,25,dcrb,1.902
45,7,28,dcrb,1.901
45,8,30,dcrb,1.901
45,8,39,dcrb,1.901
46,20,32,dcrb,1.901
54,8,12,dcrb,1.901
55,16,66,dcrb,1.901
55,17,19,dcrb,1.901
46,5,19,dcrb,1.9
54,7,72,dcrb,1.899
55,4,89,dcrb,1.899
55,17,50,dcrb,1.899
46,4,57,dcrb,1.898
46,16,45,dcrb,1.898
54,7,24,dcrb,1.898
54,19,88,dcrb,1.898
55,20,38,dcrb,1.898
46,5,2,dcrb,1.897
46,5,37,dcrb,1.897
46,9,25,dcrb,1.897
54,18,81,dcrb,1.897
55,4,80,dcrb,1.897
55,4,83,dcrb,1.897
55,5,23,dcrb,1.897
55,9,39,dcrb,1.897
55,17,38,dcrb,1.897
25,9,4,fadc,1.896
46,16,74,dcrb,1.896
46,20,31,dcrb,1.896
45,8,88,dcrb,1.895
46,4,77,dcrb,1.895
46,9,33,dcrb,1.895
46,9,44,dcrb,1.895
46,16,83,dcrb,1.895
55,5,7,dcrb,1.895
55,5,44,dcrb,1.895
55,17,44,dcrb,1.895
45,7,0,dcrb,1.894
46,20,36,dcrb,1.894
55,4,92,dcrb,1.894
55,5,35,dcrb,1.894
55,20,45,dcrb,1.894
46,5,34,dcrb,1.893
46,9,39,dcrb,1.893
46,16,27,dcrb,1.893
55,9,34,dcrb,1.893
45,8,40,dcrb,1.892
46,4,92,dcrb,1.892
46,9,34,dcrb,1.892
46,16,39,dcrb,1.892
46,16,40,dcrb,1.892
46,20,29,dcrb,1.892
54,7,13,dcrb,1.892
55,5,25,dcrb,1.892
55,5,41,dcrb,1.892
55,17,17,dcrb,1.892
55,4,86,dcrb,1.891
55,9,43,dcrb,1.891
55,16,79,dcrb,1.891
55,5,37,dcrb,1.89
55,9,31,dcrb,1.89
55,9,37,dcrb,1.89
45,7,75,dcrb,1.889
46,16,33,dcrb,1.889
46,16,66,dcrb,1.888
46,16,70,dcrb,1.888
54,8,93,dcrb,1.888
45,8,61,dcrb,1.887
46,5,38,dcrb,1.887
54,7,68,dcrb,1.887
55,20,44,dcrb,1.887
46,9,47,dcrb,1.886
55,4,72,dcrb,1.886
55,17,32,dcrb,1.886
45,7,14,dcrb,1.885
45,9,27,dcrb,1.885
46,9,29,dcrb,1.885
46,15,81,dcrb,1.885
46,20,37,dcrb,1.885
54,8,84,dcrb,1.885
55,20,35,dcrb,1.885
46,5,35,dcrb,1.884
55,5,47,dcrb,1.884
55,17,29,dcrb,1.884
46,5,30,dcrb,1.883
54,7,62,dcrb,1.883
55,20,32,dcrb,1.883
55,20,37,dcrb,1.883
7,5,2,fadc,1.882
45,8,36,dcrb,1.882
45,9,14,dcrb,1.882
55,5,19,dcrb,1.882
54,8,89,dcrb,1.881
45,7,51,dcrb,1.88
55,9,25,dcrb,1.88
45,8,9,dcrb,1.879
45,8,42,dcrb,1.879
46,4,63,dcrb,1.879
46,4,72,dcrb,1.879
55,5,2,dcrb,1.879
55,17,35,dcrb,1.879
45,7,93,dcrb,1.878
45,19,27,dcrb,1.878
46,20,43,dcrb,1.878
55,5,38,dcrb,1.878
46,20,51,dcrb,1.877
54,7,84,dcrb,1.877
54,8,58,dcrb,1.877
27,3,8,fadc,1.876
46,9,41,dcrb,1.876
54,7,20,dcrb,1.876
54,7,33,dcrb,1.876
54,8,70,dcrb,1.876
55,4,69,dcrb,1.876
55,5,8,dcrb,1.876
55,20,42,dcrb,1.876
55,5,13,dcrb,1.875
55,16,83,dcrb,1.875
55,17,11,dcrb,1.875
55,17,31,dcrb,1.875
45,7,8,dcrb,1.874
46,9,50,dcrb,1.874
55,4,77,dcrb,1.874
55,16,39,dcrb,1.874
45,7,87,dcrb,1.873
46,5,5,dcrb,1.873
45,7,47,dcrb,1.872
46,4,73,dcrb,1.872
54,7,39,dcrb,1.872
55,9,35,dcrb,1.872
55,16,89,dcrb,1.872
45,7,13,dcrb,1.871
45,8,6,dcrb,1.871
46,5,28,dcrb,1.871
46,9,43,dcrb,1.871
54,7,93,dcrb,1.871
55,9,47,dcrb,1.871
55,17,14,dcrb,1.871
45,8,18,dcrb,1.87
46,9,37,dcrb,1.87
45,9,3,dcrb,1.869
46,5,14,dcrb,1.869
46,9,36,dcrb,1.869
55,17,26,dcrb,1.869
46,9,56,dcrb,1.868
46,16,42,dcrb,1.868
46,5,31,dcrb,1.867
55,16,92,dcrb,1.867
45,7,33,dcrb,1.866
55,4,73,dcrb,1.866
55,16,33,dcrb,1.866
55,16,86,dcrb,1.866
46,16,54,dcrb,1.865
54,7,94,dcrb,1.865
55,9,36,dcrb,1.865
46,9,35,dcrb,1.864
55,9,49,dcrb,1.864
55,9,38,dcrb,1.863
55,20,46,dcrb,1.863
9,6,4,fadc,1.862
45,8,52,dcrb,1.862
46,16,21,dcrb,1.862
54,9,29,dcrb,1.862
45,6,88,dcrb,1.861
45,8,3,dcrb,1.861
46,20,41,dcrb,1.861
54,9,25,dcrb,1.861
55,5,5,dcrb,1.861
55,5,17,dcrb,1.861
9,4,12,fadc,1.86
46,16,60,dcrb,1.859
54,5,81,dcrb,1.859
54,9,63,dcrb,1.859
54,18,80,dcrb,1.858
46,20,35,dcrb,1.857
46,20,38,dcrb,1.857
45,8,4,dcrb,1.856
45,8,54,dcrb,1.855
46,16,71,dcrb,1.855
45,8,0,dcrb,1.854
54,9,6,dcrb,1.854
55,9,51,dcrb,1.854
55,17,20,dcrb,1.854
46,5,25,dcrb,1.853
46,20,40,dcrb,1.853
46,20,48,dcrb,1.853
55,20,41,dcrb,1.853
55,20,51,dcrb,1.853
53,14,10,dcrb,1.852
54,7,87,dcrb,1.852
55,20,48,dcrb,1.852
7,4,4,fadc,1.851
46,9,53,dcrb,1.851
54,20,6,dcrb,1.851
55,5,31,dcrb,1.851
45,8,16,dcrb,1.85
45,8,64,dcrb,1.85
45,8,34,dcrb,1.849
46,5,20,dcrb,1.849
46,20,44,dcrb,1.849
55,3,84,dcrb,1.849
55,9,50,dcrb,1.849
46,5,11,dcrb,1.848
46,20,46,dcrb,1.848
55,4,74,dcrb,1.848
55,16,73,dcrb,1.848
55,16,80,dcrb,1.848
45,7,90,dcrb,1.847
45,8,32,dcrb,1.847
46,5,17,dcrb,1.847
46,9,49,dcrb,1.847
55,17,23,dcrb,1.847
45,9,16,dcrb,1.846
46,5,29,dcrb,1.846
46,9,40,dcrb,1.846
46,16,64,dcrb,1.846
46,20,57,dcrb,1.845
54,7,27,dcrb,1.845
55,4,70,dcrb,1.845
55,5,26,dcrb,1.845
55,16,42,dcrb,1.845
55,16,60,dcrb,1.845
55,16,70,dcrb,1.845
55,20,40,dcrb,1.845
44,14,7,dcrb,1.844
46,16,15,dcrb,1.844
54,9,35,dcrb,1.844
55,9,52,dcrb,1.844
55,9,53,dcrb,1.844
45,8,92,dcrb,1.843
45,20,9,dcrb,1.843
54,8,43,dcrb,1.843
45,7,66,dcrb,1.842
46,20,52,dcrb,1.842
53,14,12,dcrb,1.842
54,6,33,dcrb,1.842
45,6,54,dcrb,1.841
55,16,48,dcrb,1.841
55,16,54,dcrb,1.841
54,8,50,dcrb,1.84
55,16,27,dcrb,1.84
45,8,47,dcrb,1.839
45,9,0,dcrb,1.839
45,19,26,dcrb,1.839
46,15,69,dcrb,1.839
46,15,93,dcrb,1.839
46,20,49,dcrb,1.839
55,20,50,dcrb,1.839
45,9,21,dcrb,1.838
46,4,70,dcrb,1.838
55,4,62,dcrb,1.838
55,5,11,dcrb,1.838
55,16,77,dcrb,1.837
45,7,45,dcrb,1.836
45,8,94,dcrb,1.836
46,4,74,dcrb,1.836
46,9,62,dcrb,1.836
55,4,57,dcrb,1.836
45,7,63,dcrb,1.835
46,15,87,dcrb,1.835
27,4,12,fadc,1.834
45,9,2,dcrb,1.834
45,7,30,dcrb,1.833
45,7,57,dcrb,1.833
46,20,47,dcrb,1.833
45,8,58,dcrb,1.832
46,9,42,dcrb,1.832
46,16,58,dcrb,1.832
54,7,69,dcrb,1.832
9,4,11,fadc,1.831
45,7,24,dcrb,1.831
45,8,24,dcrb,1.831
45,7,74,dcrb,1.83
45,8,8,dcrb,1.83
45,8,12,dcrb,1.83
55,20,47,dcrb,1.83
46,9,51,dcrb,1.829
46,20,53,dcrb,1.829
54,8,82,dcrb,1.829
55,20,43,dcrb,1.829
45,7,81,dcrb,1.828
46,16,36,dcrb,1.828
55,20,52,dcrb,1.828
45,7,29,dcrb,1.827
45,7,69,dcrb,1.827
45,19,57,dcrb,1.827
46,16,3,dcrb,1.827
46,16,9,dcrb,1.827
55,4,66,dcrb,1.827
55,5,14,dcrb,1.827
55,9,54,dcrb,1.827
55,9,57,dcrb,1.827
45,7,84,dcrb,1.826
45,8,89,dcrb,1.826
46,4,66,dcrb,1.826
46,16,46,dcrb,1.826
54,9,64,dcrb,1.826
55,9,48,dcrb,1.826
45,9,26,dcrb,1.825
46,3,84,dcrb,1.825
55,4,64,dcrb,1.825
45,8,77,dcrb,1.824
54,9,0,dcrb,1.824
54,18,87,dcrb,1.824
54,19,24,dcrb,1.824
55,5,29,dcrb,1.824
45,7,86,dcrb,1.823
46,20,63,dcrb,1.823
54,7,25,dcrb,1.823
55,18,80,dcrb,1.823
55,15,87,dcrb,1.822
7,3,8,fadc,1.821
45,8,48,dcrb,1.821
54,8,41,dcrb,1.821
55,15,93,dcrb,1.821
46,9,45,dcrb,1.82
54,7,63,dcrb,1.82
46,16,48,dcrb,1.819
27,3,10,fadc,1.817
46,9,55,dcrb,1.817
46,20,54,dcrb,1.817
54,8,66,dcrb,1.817
55,4,60,dcrb,1.817
55,9,58,dcrb,1.817
45,8,76,dcrb,1.816
45,20,8,dcrb,1.816
46,16,52,dcrb,1.816
55,9,55,dcrb,1.816
55,16,21,dcrb,1.815
46,16,61,dcrb,1.814
46,16,62,dcrb,1.814
45,19,30,dcrb,1.813
54,5,63,dcrb,1.813
45,8,79,dcrb,1.812
45,9,20,dcrb,1.811
46,4,71,dcrb,1.811
46,16,30,dcrb,1.811
55,9,62,dcrb,1.811
45,6,10,dcrb,1.809
45,8,46,dcrb,1.809
46,9,48,dcrb,1.809
54,7,54,dcrb,1.809
54,9,1,dcrb,1.809
55,3,90,dcrb,1.809
55,20,49,dcrb,1.809
27,4,13,fadc,1.808
45,5,60,dcrb,1.808
45,9,6,dcrb,1.808
45,9,30,dcrb,1.808
54,8,88,dcrb,1.808
55,9,56,dcrb,1.808
46,20,50,dcrb,1.807
55,9,63,dcrb,1.807
55,15,81,dcrb,1.807
46,4,45,dcrb,1.806
46,20,55,dcrb,1.806
54,7,2,dcrb,1.806
55,4,71,dcrb,1.806
45,7,88,dcrb,1.805
46,16,65,dcrb,1.805
46,20,59,dcrb,1.805
54,8,16,dcrb,1.805
55,16,3,dcrb,1.805
46,9,46,dcrb,1.804
54,6,91,dcrb,1.804
54,9,42,dcrb,1.804
55,4,51,dcrb,1.804
55,9,59,dcrb,1.804
55,9,60,dcrb,1.804
45,7,17,dcrb,1.803
46,3,90,dcrb,1.803
46,16,55,dcrb,1.803
46,20,62,dcrb,1.803
53,3,2,dcrb,1.803
55,16,64,dcrb,1.803
46,20,56,dcrb,1.802
55,16,58,dcrb,1.802
46,16,67,dcrb,1.801
55,9,64,dcrb,1.801
55,9,68,dcrb,1.801
55,20,54,dcrb,1.801
55,9,61,dcrb,1.8
27,10,11,fadc,1.799
45,7,21,dcrb,1.799
54,8,76,dcrb,1.799
45,5,45,dcrb,1.798
55,4,67,dcrb,1.798
45,7,6,dcrb,1.797
45,8,28,dcrb,1.797
45,19,56,dcrb,1.797
46,16,56,dcrb,1.797
54,7,48,dcrb,1.797
45,9,4,dcrb,1.796
46,4,51,dcrb,1.796
46,20,60,dcrb,1.796
55,20,57,dcrb,1.796
45,8,10,dcrb,1.795
45,8,29,dcrb,1.795
46,4,54,dcrb,1.795
46,9,54,dcrb,1.795
46,9,59,dcrb,1.795
54,19,90,dcrb,1.795
55,9,65,dcrb,1.795
7,4,0,fadc,1.794
25,16,7,fadc,1.794
54,8,64,dcrb,1.794
54,9,10,dcrb,1.794
45,8,38,dcrb,1.793
55,20,56,dcrb,1.792
25,3,7,fadc,1.791
45,8,25,dcrb,1.791
46,20,58,dcrb,1.791
54,8,17,dcrb,1.791
54,16,70,dcrb,1.791
45,7,39,dcrb,1.79
55,3,78,dcrb,1.789
55,16,67,dcrb,1.789
45,20,12,dcrb,1.788
46,16,59,dcrb,1.788
46,4,60,dcrb,1.787
55,16,52,dcrb,1.787
25,18,3,fadc,1.786
45,8,50,dcrb,1.786
46,9,58,dcrb,1.786
46,15,75,dcrb,1.786
46,16,18,dcrb,1.786
54,8,94,dcrb,1.786
54,9,71,dcrb,1.786
44,14,5,dcrb,1.785
45,8,14,dcrb,1.785
45,8,85,dcrb,1.785
55,20,55,dcrb,1.785
45,7,50,dcrb,1.784
45,8,23,dcrb,1.784
45,19,64,dcrb,1.784
54,8,32,dcrb,1.784
55,16,74,dcrb,1.784
45,6,63,dcrb,1.783
46,16,41,dcrb,1.783
46,16,43,dcrb,1.783
46,16,50,dcrb,1.783
54,8,49,dcrb,1.783
55,15,75,dcrb,1.783
55,16,46,dcrb,1.783
45,8,41,dcrb,1.781
54,9,67,dcrb,1.781
54,19,31,dcrb,1.781
55,16,9,dcrb,1.781
45,8,43,dcrb,1.78
54,9,46,dcrb,1.78
54,18,56,dcrb,1.78
54,7,66,dcrb,1.779
54,7,64,dcrb,1.778
55,4,45,dcrb,1.778
55,20,58,dcrb,1.778
45,8,91,dcrb,1.777
46,16,49,dcrb,1.777
46,20,64,dcrb,1.777
55,16,36,dcrb,1.777
55,20,64,dcrb,1.777
45,7,60,dcrb,1.776
54,5,93,dcrb,1.776
55,9,71,dcrb,1.776
55,20,60,dcrb,1.776
46,9,52,dcrb,1.775
46,20,61,dcrb,1.775
7,3,13,fadc,1.774
45,8,37,dcrb,1.774
45,8,44,dcrb,1.774
46,4,64,dcrb,1.774
46,16,28,dcrb,1.774
54,7,15,dcrb,1.774
27,4,8,fadc,1.773
46,4,68,dcrb,1.773
46,16,24,dcrb,1.773
54,8,46,dcrb,1.773
55,9,66,dcrb,1.773
45,7,42,dcrb,1.772
45,8,86,dcrb,1.772
46,9,68,dcrb,1.772
54,7,71,dcrb,1.772
55,16,4,dcrb,1.772
55,16,71,dcrb,1.772
45,6,87,dcrb,1.771
45,8,67,dcrb,1.771
45,9,1,dcrb,1.771
46,9,63,dcrb,1.771
54,9,19,dcrb,1.771
55,16,40,dcrb,1.771
46,9,61,dcrb,1.77
46,9,65,dcrb,1.77
46,16,6,dcrb,1.77
7,16,5,fadc,1.769
45,9,12,dcrb,1.769
45,9,33,dcrb,1.769
46,16,53,dcrb,1.769
46,3,78,dcrb,1.768
54,7,30,dcrb,1.768
54,8,0,dcrb,1.768
55,9,67,dcrb,1.768
55,20,67,dcrb,1.768
54,19,73,dcrb,1.767
55,4,54,dcrb,1.767
55,16,15,dcrb,1.767
45,19,68,dcrb,1.766
46,15,72,dcrb,1.766
54,5,80,dcrb,1.766
45,7,27,dcrb,1.765
45,7,72,dcrb,1.765
46,4,67,dcrb,1.765
45,7,56,dcrb,1.764
45,8,31,dcrb,1.764
45,8,55,dcrb,1.764
45,9,10,dcrb,1.764
46,16,12,dcrb,1.764
54,6,32,dcrb,1.764
54,9,43,dcrb,1.764
55,16,24,dcrb,1.764
55,16,65,dcrb,1.764
45,7,78,dcrb,1.763
45,8,13,dcrb,1.763
45,8,49,dcrb,1.763
46,15,78,dcrb,1.763
46,15,84,dcrb,1.763
55,15,90,dcrb,1.763
55,16,18,dcrb,1.763
55,20,53,dcrb,1.763
45,9,24,dcrb,1.762
46,4,56,dcrb,1.762
46,4,58,dcrb,1.762
55,20,61,dcrb,1.762
45,7,54,dcrb,1.761
45,7,70,dcrb,1.761
45,19,75,dcrb,1.761
54,19,11,dcrb,1.761
55,9,74,dcrb,1.761
55,16,61,dcrb,1.761
55,20,62,dcrb,1.76
45,7,76,dcrb,1.759
45,7,94,dcrb,1.759
45,18,45,dcrb,1.759
46,15,68,dcrb,1.759
55,4,58,dcrb,1.759
55,16,30,dcrb,1.759
45,7,52,dcrb,1.758
54,7,21,dcrb,1.758
54,7,90,dcrb,1.758
54,8,91,dcrb,1.758
55,9,32,dcrb,1.758
55,16,13,dcrb,1.758
45,5,46,dcrb,1.757
45,8,83,dcrb,1.757
54,8,4,dcrb,1.757
55,4,68,dcrb,1.757
55,20,59,dcrb,1.757
25,3,1,fadc,1.756
45,7,92,dcrb,1.756
45,9,5,dcrb,1.755
46,16,34,dcrb,1.755
53,14,7,dcrb,1.755
46,20,69,dcrb,1.754
54,7,28,dcrb,1.754
55,3,82,dcrb,1.754
55,4,61,dcrb,1.754
45,7,3,dcrb,1.753
45,8,22,dcrb,1.753
45,8,95,dcrb,1.753
45,9,39,dcrb,1.753
45,20,3,dcrb,1.753
46,4,62,dcrb,1.753
54,6,87,dcrb,1.753
54,6,94,dcrb,1.753
54,8,55,dcrb,1.753
54,8,67,dcrb,1.753
54,9,40,dcrb,1.753
54,19,41,dcrb,1.753
46,20,65,dcrb,1.751
46,20,66,dcrb,1.751
53,14,5,dcrb,1.751
46,9,77,dcrb,1.75
54,6,63,dcrb,1.75
55,16,55,dcrb,1.75
45,6,3,dcrb,1.749
45,7,48,dcrb,1.749
46,4,39,dcrb,1.749
46,9,57,dcrb,1.749
54,19,58,dcrb,1.749
7,4,13,fadc,1.748
46,15,90,dcrb,1.748
55,4,46,dcrb,1.748
45,6,93,dcrb,1.747
45,9,7,dcrb,1.747
54,6,62,dcrb,1.747
54,18,50,dcrb,1.747
45,8,20,dcrb,1.746
45,9,51,dcrb,1.746
45,9,60,dcrb,1.746
54,7,52,dcrb,1.746
54,9,4,dcrb,1.746
55,20,63,dcrb,1.746
45,6,64,dcrb,1.745
45,7,64,dcrb,1.745
45,9,18,dcrb,1.745
45,7,91,dcrb,1.744
46,16,44,dcrb,1.743
54,6,93,dcrb,1.743
54,7,70,dcrb,1.743
54,9,69,dcrb,1.743
45,6,70,dcrb,1.742
54,7,58,dcrb,1.742
54,8,13,dcrb,1.742
55,9,73,dcrb,1.742
55,9,75,dcrb,1.742
45,6,9,dcrb,1.741
45,8,59,dcrb,1.741
45,9,13,dcrb,1.741
54,8,37,dcrb,1.741
55,9,69,dcrb,1.741
55,9,70,dcrb,1.741
55,16,0,dcrb,1.741
45,7,16,dcrb,1.74
45,8,35,dcrb,1.74
45,18,88,dcrb,1.74
55,4,39,dcrb,1.74
55,4,48,dcrb,1.74
45,9,11,dcrb,1.739
45,19,39,dcrb,1.739
46,16,47,dcrb,1.739
54,6,14,dcrb,1.739
54,7,79,dcrb,1.739
55,4,65,dcrb,1.739
55,16,6,dcrb,1.739
45,8,19,dcrb,1.738
46,4,48,dcrb,1.738
46,4,61,dcrb,1.738
46,9,72,dcrb,1.738
46,16,0,dcrb,1.738
46,16,16,dcrb,1.738
46,16,37,dcrb,1.737
55,16,49,dcrb,1.737
45,9,22,dcrb,1.735
53,3,1,dcrb,1.735
54,8,79,dcrb,1.734
55,20,68,dcrb,1.734
46,16,38,dcrb,1.733
54,8,35,dcrb,1.733
54,8,71,dcrb,1.733
54,19,47,dcrb,1.733
55,16,62,dcrb,1.732
55,20,66,dcrb,1.732
54,7,46,dcrb,1.731
55,15,84,dcrb,1.731
55,16,34,dcrb,1.731
55,20,65,dcrb,1.731
45,7,82,dcrb,1.73
45,8,71,dcrb,1.73
54,8,73,dcrb,1.73
54,9,13,dcrb,1.73
45,7,80,dcrb,1.729
45,8,65,dcrb,1.729
55,9,80,dcrb,1.728
7,4,10,fadc,1.727
45,7,58,dcrb,1.727
45,7,65,dcrb,1.727
46,9,73,dcrb,1.727
54,7,3,dcrb,1.727
54,19,42,dcrb,1.727
55,15,78,dcrb,1.727
46,9,60,dcrb,1.726
55,16,59,dcrb,1.726
45,9,45,dcrb,1.725
45,19,93,dcrb,1.725
46,3,82,dcrb,1.725
46,4,55,dcrb,1.725
46,4,65,dcrb,1.725
46,20,74,dcrb,1.725
53,14,2,dcrb,1.725
55,16,43,dcrb,1.725
45,5,54,dcrb,1.724
46,20,68,dcrb,1.724
54,7,50,dcrb,1.724
45,6,72,dcrb,1.723
45,18,44,dcrb,1.723
54,5,45,dcrb,1.723
54,6,9,dcrb,1.723
54,6,64,dcrb,1.723
54,7,91,dcrb,1.723
54,8,61,dcrb,1.723
55,15,72,dcrb,1.723
45,9,57,dcrb,1.722
46,4,0,dcrb,1.722
46,4,52,dcrb,1.722
54,8,25,dcrb,1.722
45,18,30,dcrb,1.721
46,9,69,dcrb,1.721
46,20,72,dcrb,1.721
45,6,81,dcrb,1.72
46,4,3,dcrb,1.72
46,16,4,dcrb,1.72
46,16,10,dcrb,1.72
54,9,36,dcrb,1.72
55,3,75,dcrb,1.72
46,20,70,dcrb,1.719
54,8,53,dcrb,1.719
55,3,88,dcrb,1.719
55,15,69,dcrb,1.719
55,16,22,dcrb,1.719
55,16,53,dcrb,1.719
45,6,62,dcrb,1.718
45,7,89,dcrb,1.718
45,19,74,dcrb,1.718
54,8,19,dcrb,1.718
54,8,47,dcrb,1.718
45,8,7,dcrb,1.717
45,8,17,dcrb,1.717
45,8,26,dcrb,1.717
46,9,66,dcrb,1.717
54,6,84,dcrb,1.717
55,4,52,dcrb,1.717
44,14,9,dcrb,1.716
46,15,57,dcrb,1.716
46,20,71,dcrb,1.716
54,8,65,dcrb,1.716
55,9,76,dcrb,1.716
55,16,28,dcrb,1.716
55,20,69,dcrb,1.716
46,16,31,dcrb,1.715
54,8,10,dcrb,1.715
45,7,73,dcrb,1.714
45,19,76,dcrb,1.714
45,20,13,dcrb,1.714
46,3,88,dcrb,1.714
46,20,67,dcrb,1.714
55,9,77,dcrb,1.714
44,14,2,dcrb,1.713
54,8,23,dcrb,1.713
54,8,31,dcrb,1.713
55,4,3,dcrb,1.713
55,15,94,dcrb,1.713
45,6,90,dcrb,1.712
45,7,95,dcrb,1.712
46,9,74,dcrb,1.712
54,7,42,dcrb,1.712
54,19,36,dcrb,1.712
45,19,81,dcrb,1.711
46,20,80,dcrb,1.711
54,7,82,dcrb,1.711
54,20,12,dcrb,1.711
55,20,71,dcrb,1.711
45,20,45,dcrb,1.71
46,16,32,dcrb,1.71
46,16,35,dcrb,1.71
54,6,15,dcrb,1.71
45,6,75,dcrb,1.709
45,7,34,dcrb,1.709
46,9,71,dcrb,1.709
46,9,80,dcrb,1.709
54,8,77,dcrb,1.709
54,8,85,dcrb,1.709
54,19,59,dcrb,1.709
55,4,55,dcrb,1.709
55,16,16,dcrb,1.709
55,20,74,dcrb,1.709
45,19,87,dcrb,1.708
54,5,54,dcrb,1.708
54,7,16,dcrb,1.708
55,9,78,dcrb,1.708
9,4,10,fadc,1.707
45,7,44,dcrb,1.707
45,7,55,dcrb,1.707
45,7,67,dcrb,1.707
46,4,33,dcrb,1.707
46,20,76,dcrb,1.707
54,6,81,dcrb,1.707
54,20,5,dcrb,1.707
45,8,11,dcrb,1.706
46,9,75,dcrb,1.706
46,16,20,dcrb,1.706
54,7,36,dcrb,1.706
54,7,83,dcrb,1.706
54,18,75,dcrb,1.706
54,19,76,dcrb,1.706
55,20,73,dcrb,1.706
45,8,1,dcrb,1.705
46,16,22,dcrb,1.705
54,7,85,dcrb,1.705
45,7,59,dcrb,1.704
45,19,40,dcrb,1.704
46,9,67,dcrb,1.704
45,6,33,dcrb,1.703
45,6,69,dcrb,1.703
45,9,42,dcrb,1.703
46,4,42,dcrb,1.703
54,7,8,dcrb,1.703
54,19,82,dcrb,1.703
55,20,70,dcrb,1.703
25,3,9,fadc,1.702
54,6,74,dcrb,1.702
54,7,49,dcrb,1.702
55,16,10,dcrb,1.702
45,6,82,dcrb,1.701
45,7,85,dcrb,1.701
45,8,2,dcrb,1.701
46,15,94,dcrb,1.701
54,19,16,dcrb,1.701
54,19,78,dcrb,1.701
45,7,18,dcrb,1.7
46,4,59,dcrb,1.7
46,15,61,dcrb,1.7
54,8,29,dcrb,1.7
45,7,12,dcrb,1.699
45,7,22,dcrb,1.699
46,4,49,dcrb,1.699
46,15,88,dcrb,1.699
55,9,83,dcrb,1.699
55,16,47,dcrb,1.699
45,19,15,dcrb,1.698
55,16,12,dcrb,1.698
45,19,21,dcrb,1.697
45,19,45,dcrb,1.697
46,9,70,dcrb,1.697
7,9,0,fadc,1.696
46,16,13,dcrb,1.696
54,7,14,dcrb,1.696
55,16,56,dcrb,1.696
46,15,82,dcrb,1.695
54,9,5,dcrb,1.695
54,9,55,dcrb,1.695
54,9,66,dcrb,1.695
45,19,33,dcrb,1.694
54,7,18,dcrb,1.694
45,6,84,dcrb,1.693
45,7,40,dcrb,1.693
45,7,83,dcrb,1.693
55,16,37,dcrb,1.693
45,6,51,dcrb,1.692
45,18,63,dcrb,1.692
54,9,60,dcrb,1.692
54,19,19,dcrb,1.692
55,4,42,dcrb,1.692
55,9,72,dcrb,1.692
45,7,38,dcrb,1.691
45,19,63,dcrb,1.69
46,16,26,dcrb,1.69
54,6,75,dcrb,1.69
54,19,72,dcrb,1.69
45,18,89,dcrb,1.689
46,16,14,dcrb,1.689
46,16,25,dcrb,1.689
54,7,37,dcrb,1.689
54,7,89,dcrb,1.689
55,9,81,dcrb,1.689
45,20,44,dcrb,1.688
54,8,1,dcrb,1.688
45,19,72,dcrb,1.687
46,20,73,dcrb,1.687
54,7,31,dcrb,1.687
45,19,3,dcrb,1.686
45,19,51,dcrb,1.686
55,16,50,dcrb,1.686
55,20,72,dcrb,1.686
45,7,79,dcrb,1.685
54,8,83,dcrb,1.685
54,19,66,dcrb,1.685
55,9,86,dcrb,1.685
55,20,75,dcrb,1.685
45,18,20,dcrb,1.684
46,9,79,dcrb,1.684
46,16,17,dcrb,1.684
54,20,0,dcrb,1.684
55,4,0,dcrb,1.684
55,4,36,dcrb,1.684
55,9,84,dcrb,1.684
45,9,19,dcrb,1.683
45,19,69,dcrb,1.683
46,4,36,dcrb,1.683
46,4,46,dcrb,1.683
46,15,79,dcrb,1.683
46,20,75,dcrb,1.683
55,4,59,dcrb,1.683
45,18,81,dcrb,1.682
46,9,76,dcrb,1.682
54,9,11,dcrb,1.682
55,16,31,dcrb,1.682
46,4,17,dcrb,1.681
55,9,79,dcrb,1.681
55,15,63,dcrb,1.681
7,4,15,fadc,1.68
54,8,59,dcrb,1.68
45,19,86,dcrb,1.679
54,5,92,dcrb,1.679
54,6,95,dcrb,1.679
54,9,7,dcrb,1.679
54,19,10,dcrb,1.679
55,9,82,dcrb,1.679
45,6,30,dcrb,1.678
45,6,80,dcrb,1.678
46,16,7,dcrb,1.678
46,20,77,dcrb,1.678
54,19,67,dcrb,1.678
46,9,78,dcrb,1.677
46,16,8,dcrb,1.677
54,9,75,dcrb,1.677
54,19,53,dcrb,1.677
55,16,25,dcrb,1.677
7,9,2,fadc,1.676
45,19,65,dcrb,1.676
46,15,86,dcrb,1.676
54,7,32,dcrb,1.676
45,7,32,dcrb,1.675
45,19,55,dcrb,1.675
45,19,66,dcrb,1.675
46,4,40,dcrb,1.675
46,4,50,dcrb,1.675
54,6,57,dcrb,1.675
54,6,66,dcrb,1.675
54,8,7,dcrb,1.675
55,4,47,dcrb,1.675
55,15,88,dcrb,1.675
45,6,45,dcrb,1.674
46,16,19,dcrb,1.674
54,6,69,dcrb,1.674
54,19,12,dcrb,1.674
45,9,29,dcrb,1.673
55,4,33,dcrb,1.673
55,16,44,dcrb,1.673
46,15,76,dcrb,1.672
54,7,77,dcrb,1.672
54,19,28,dcrb,1.672
55,4,27,dcrb,1.672
7,9,1,fadc,1.671
45,8,5,dcrb,1.671
46,3,75,dcrb,1.671
46,9,84,dcrb,1.671
46,15,70,dcrb,1.671
54,6,78,dcrb,1.671
54,7,38,dcrb,1.671
55,3,79,dcrb,1.671
55,4,49,dcrb,1.671
55,9,87,dcrb,1.671
45,19,18,dcrb,1.67
45,19,60,dcrb,1.67
46,9,83,dcrb,1.67
46,9,87,dcrb,1.67
54,19,84,dcrb,1.67
7,6,6,fadc,1.669
46,16,29,dcrb,1.669
45,7,77,dcrb,1.668
45,19,20,dcrb,1.668
45,7,19,dcrb,1.667
45,18,29,dcrb,1.667
45,20,2,dcrb,1.667
46,4,21,dcrb,1.667
46,9,82,dcrb,1.667
46,15,80,dcrb,1.667
54,6,45,dcrb,1.667
45,9,17,dcrb,1.666
45,19,24,dcrb,1.666
45,19,67,dcrb,1.666
45,20,15,dcrb,1.666
46,15,85,dcrb,1.666
54,7,0,dcrb,1.666
54,9,61,dcrb,1.666
9,4,14,fadc,1.665
45,9,31,dcrb,1.665
45,17,81,dcrb,1.665
45,19,48,dcrb,1.665
46,4,53,dcrb,1.665
46,15,73,dcrb,1.665
46,16,1,dcrb,1.665
54,19,34,dcrb,1.665
55,3,94,dcrb,1.665
45,19,80,dcrb,1.664
46,16,23,dcrb,1.664
46,20,78,dcrb,1.664
45,18,93,dcrb,1.663
46,20,86,dcrb,1.663
54,5,62,dcrb,1.663
54,6,21,dcrb,1.663
27,16,11,fadc,1.662
45,19,78,dcrb,1.662
54,19,70,dcrb,1.662
7,6,8,fadc,1.661
45,9,28,dcrb,1.661
45,19,9,dcrb,1.661
55,16,19,dcrb,1.661
45,6,27,dcrb,1.66
45,7,25,dcrb,1.66
45,9,85,dcrb,1.66
45,18,62,dcrb,1.66
45,19,43,dcrb,1.66
46,20,79,dcrb,1.66
55,4,56,dcrb,1.66
45,6,89,dcrb,1.659
45,19,77,dcrb,1.659
55,3,76,dcrb,1.659
45,7,2,dcrb,1.658
46,3,94,dcrb,1.658
46,4,47,dcrb,1.658
46,20,83,dcrb,1.658
55,4,53,dcrb,1.658
45,9,35,dcrb,1.657
45,19,4,dcrb,1.657
45,19,6,dcrb,1.657
45,19,54,dcrb,1.657
45,19,90,dcrb,1.657
54,8,11,dcrb,1.657
25,17,13,fadc,1.656
45,7,62,dcrb,1.656
45,7,68,dcrb,1.656
46,4,34,dcrb,1.656
54,19,94,dcrb,1.656
55,9,88,dcrb,1.656
45,7,23,dcrb,1.655
45,9,36,dcrb,1.655
45,19,38,dcrb,1.655
45,19,73,dcrb,1.655
46,3,76,dcrb,1.655
46,16,2,dcrb,1.655
46,20,81,dcrb,1.655
54,6,51,dcrb,1.655
54,19,37,dcrb,1.655
55,4,50,dcrb,1.655
55,9,94,dcrb,1.655
45,7,20,dcrb,1.654
45,20,0,dcrb,1.654
54,7,29,dcrb,1.654
54,18,15,dcrb,1.654
55,15,57,dcrb,1.654
55,20,76,dcrb,1.654
9,3,10,fadc,1.653
45,7,31,dcrb,1.653
45,9,63,dcrb,1.653
45,18,69,dcrb,1.653
45,19,31,dcrb,1.653
45,19,34,dcrb,1.653
45,19,58,dcrb,1.653
46,4,27,dcrb,1.653
46,16,11,dcrb,1.653
54,9,37,dcrb,1.653
55,20,80,dcrb,1.653
45,5,81,dcrb,1.652
45,7,37,dcrb,1.652
45,19,84,dcrb,1.652
54,18,57,dcrb,1.652
54,19,48,dcrb,1.652
55,9,85,dcrb,1.652
55,16,32,dcrb,1.652
55,20,77,dcrb,1.652
45,9,34,dcrb,1.651
45,18,87,dcrb,1.651
46,4,30,dcrb,1.651
46,15,92,dcrb,1.651
54,18,63,dcrb,1.651
54,19,13,dcrb,1.651
55,16,35,dcrb,1.651
55,16,41,dcrb,1.651
44,14,6,dcrb,1.65
45,19,14,dcrb,1.65
45,19,95,dcrb,1.65
54,6,48,dcrb,1.65
45,20,4,dcrb,1.649
55,15,73,dcrb,1.649
27,4,15,fadc,1.648
45,6,44,dcrb,1.648
46,4,44,dcrb,1.648
54,7,43,dcrb,1.648
46,3,85,dcrb,1.647
54,7,73,dcrb,1.647
54,19,46,dcrb,1.647
55,15,76,dcrb,1.647
55,15,82,dcrb,1.647
7,4,9,fadc,1.646
45,7,10,dcrb,1.646
54,19,60,dcrb,1.646
55,9,92,dcrb,1.646
55,15,91,dcrb,1.646
45,7,4,dcrb,1.645
46,4,43,dcrb,1.645
46,15,74,dcrb,1.645
54,19,0,dcrb,1.645
54,19,64,dcrb,1.645
7,5,1,fadc,1.644
45,5,84,dcrb,1.644
45,18,28,dcrb,1.644
54,6,65,dcrb,1.644
54,7,10,dcrb,1.644
55,9,91,dcrb,1.644
45,19,82,dcrb,1.643
46,3,79,dcrb,1.643
54,18,32,dcrb,1.643
54,19,43,dcrb,1.643
55,9,90,dcrb,1.643
45,7,49,dcrb,1.642
45,7,53,dcrb,1.642
45,9,23,dcrb,1.642
45,9,40,dcrb,1.642
45,19,36,dcrb,1.642
55,20,81,dcrb,1.642
45,19,10,dcrb,1.641
46,20,82,dcrb,1.641
54,6,86,dcrb,1.641
54,7,22,dcrb,1.641
54,7,40,dcrb,1.641
55,3,72,dcrb,1.641
45,20,10,dcrb,1.64
45,18,48,dcrb,1.639
54,7,26,dcrb,1.639
46,20,92,dcrb,1.638
45,19,22,dcrb,1.637
45,19,70,dcrb,1.637
54,19,40,dcrb,1.637
55,16,38,dcrb,1.637
45,9,54,dcrb,1.636
45,19,71,dcrb,1.636
54,7,55,dcrb,1.636
45,19,42,dcrb,1.635
45,19,53,dcrb,1.635
45,19,59,dcrb,1.635
46,9,86,dcrb,1.635
46,20,85,dcrb,1.635
54,7,59,dcrb,1.635
45,7,41,dcrb,1.634
45,19,12,dcrb,1.634
46,4,37,dcrb,1.634
46,15,66,dcrb,1.634
54,18,9,dcrb,1.634
54,19,7,dcrb,1.634
54,19,30,dcrb,1.634
55,4,40,dcrb,1.634
45,19,16,dcrb,1.633
54,19,22,dcrb,1.633
45,20,18,dcrb,1.632
46,15,67,dcrb,1.632
46,15,77,dcrb,1.632
54,6,8,dcrb,1.632
54,7,4,dcrb,1.632
54,7,47,dcrb,1.632
54,8,5,dcrb,1.632
55,15,85,dcrb,1.632
45,6,78,dcrb,1.631
45,19,32,dcrb,1.631
54,6,68,dcrb,1.631
54,19,54,dcrb,1.631
54,19,61,dcrb,1.631
55,4,44,dcrb,1.631
45,20,14,dcrb,1.63
46,4,24,dcrb,1.63
54,7,53,dcrb,1.63
54,9,81,dcrb,1.63
54,9,93,dcrb,1.63
7,16,1,fadc,1.629
45,6,39,dcrb,1.629
45,18,73,dcrb,1.629
45,19,61,dcrb,1.629
46,4,9,dcrb,1.629
46,9,93,dcrb,1.629
46,15,60,dcrb,1.629
46,15,71,dcrb,1.629
46,15,83,dcrb,1.629
55,9,95,dcrb,1.629
55,15,51,dcrb,1.629
55,15,66,dcrb,1.629
45,19,52,dcrb,1.628
45,19,91,dcrb,1.628
55,16,11,dcrb,1.628
55,20,78,dcrb,1.628
45,9,37,dcrb,1.627
45,9,48,dcrb,1.627
45,18,75,dcrb,1.627
46,15,91,dcrb,1.627
54,7,34,dcrb,1.627
55,9,89,dcrb,1.627
45,19,89,dcrb,1.626
54,19,55,dcrb,1.626
55,4,9,dcrb,1.626
55,4,43,dcrb,1.626
45,6,31,dcrb,1.625
45,7,43,dcrb,1.625
45,9,25,dcrb,1.625
45,19,25,dcrb,1.625
45,19,94,dcrb,1.625
46,15,56,dcrb,1.625
54,19,18,dcrb,1.625
55,4,34,dcrb,1.625
45,19,85,dcrb,1.624
45,19,92,dcrb,1.624
54,19,2,dcrb,1.624
55,16,7,dcrb,1.624
55,16,29,dcrb,1.624
45,19,44,dcrb,1.623
54,6,80,dcrb,1.623
54,9,58,dcrb,1.623
54,19,52,dcrb,1.623
55,16,23,dcrb,1.623
45,19,50,dcrb,1.622
54,4,73,dcrb,1.622
54,7,41,dcrb,1.622
7,4,8,fadc,1.621
45,6,21,dcrb,1.621
45,7,1,dcrb,1.621
46,20,91,dcrb,1.621
45,7,71,dcrb,1.62
45,9,61,dcrb,1.62
54,6,27,dcrb,1.62
54,6,70,dcrb,1.62
54,7,67,dcrb,1.62
55,4,15,dcrb,1.62
55,15,70,dcrb,1.62
55,16,1,dcrb,1.62
27,4,10,fadc,1.619
45,19,49,dcrb,1.619
45,20,93,dcrb,1.619
46,4,15,dcrb,1.619
54,6,54,dcrb,1.619
54,6,60,dcrb,1.619
55,16,26,dcrb,1.619
45,18,40,dcrb,1.618
45,19,37,dcrb,1.618
45,20,20,dcrb,1.618
46,9,85,dcrb,1.618
46,15,95,dcrb,1.618
54,5,87,dcrb,1.618
54,6,56,dcrb,1.618
54,7,17,dcrb,1.618
54,7,23,dcrb,1.618
45,6,65,dcrb,1.617
45,18,27,dcrb,1.617
45,19,28,dcrb,1.617
45,20,6,dcrb,1.617
46,20,88,dcrb,1.617
45,9,65,dcrb,1.616
45,18,74,dcrb,1.616
46,4,6,dcrb,1.616
55,4,37,dcrb,1.616
45,9,32,dcrb,1.615
46,3,72,dcrb,1.615
54,5,44,dcrb,1.615
55,16,17,dcrb,1.615
45,18,80,dcrb,1.614
54,17,62,dcrb,1.614
55,3,85,dcrb,1.614
55,3,89,dcrb,1.614
55,4,21,dcrb,1.614
55,4,22,dcrb,1.614
55,15,79,dcrb,1.614
45,6,15,dcrb,1.613
45,7,7,dcrb,1.613
45,19,62,dcrb,1.613
55,15,71,dcrb,1.613
45,6,60,dcrb,1.612
45,19,46,dcrb,1.612
55,4,24,dcrb,1.612
55,9,93,dcrb,1.612
45,6,50,dcrb,1.611
45,7,35,dcrb,1.611
46,4,28,dcrb,1.611
46,20,87,dcrb,1.611
54,19,49,dcrb,1.611
45,19,88,dcrb,1.61
46,15,51,dcrb,1.61
46,15,89,dcrb,1.61
54,5,74,dcrb,1.61
55,3,92,dcrb,1.61
45,6,66,dcrb,1.609
45,9,56,dcrb,1.609
45,19,79,dcrb,1.609
54,20,10,dcrb,1.609
55,15,68,dcrb,1.609
46,9,88,dcrb,1.608
45,20,5,dcrb,1.607
54,6,4,dcrb,1.607
54,6,39,dcrb,1.607
55,20,87,dcrb,1.607
46,4,18,dcrb,1.606
54,6,3,dcrb,1.606
54,6,92,dcrb,1.606
55,4,30,dcrb,1.606
55,20,84,dcrb,1.606
55,20,90,dcrb,1.606
46,9,92,dcrb,1.605
46,20,89,dcrb,1.605
54,18,39,dcrb,1.605
55,3,77,dcrb,1.605
45,18,39,dcrb,1.604
45,9,43,dcrb,1.603
45,19,0,dcrb,1.603
54,5,78,dcrb,1.603
54,6,72,dcrb,1.603
54,18,90,dcrb,1.603
54,20,1,dcrb,1.603
55,20,86,dcrb,1.603
45,9,47,dcrb,1.602
45,18,90,dcrb,1.602
45,20,11,dcrb,1.602
46,4,41,dcrb,1.602
54,18,8,dcrb,1.602
46,4,4,dcrb,1.601
46,9,90,dcrb,1.601
54,17,63,dcrb,1.601
54,18,21,dcrb,1.601
55,15,67,dcrb,1.601
45,17,87,dcrb,1.6
45,19,83,dcrb,1.6
54,18,14,dcrb,1.6
55,15,64,dcrb,1.6
55,20,82,dcrb,1.6
45,6,79,dcrb,1.599
45,19,47,dcrb,1.599
46,4,38,dcrb,1.599
54,6,85,dcrb,1.599
54,18,69,dcrb,1.599
45,7,5,dcrb,1.598
46,20,95,dcrb,1.598
54,9,59,dcrb,1.598
54,9,70,dcrb,1.598
54,9,77,dcrb,1.598
45,9,82,dcrb,1.597
45,18,68,dcrb,1.597
45,18,84,dcrb,1.597
54,7,7,dcrb,1.597
54,18,51,dcrb,1.597
45,6,29,dcrb,1.596
45,20,16,dcrb,1.596
46,15,45,dcrb,1.596
54,6,79,dcrb,1.596
55,16,14,dcrb,1.596
45,7,26,dcrb,1.595
45,9,46,dcrb,1.595
45,20,1,dcrb,1.595
54,6,88,dcrb,1.595
55,15,60,dcrb,1.595
55,20,79,dcrb,1.595
45,7,11,dcrb,1.594
54,5,56,dcrb,1.594
27,10,9,fadc,1.593
45,9,38,dcrb,1.593
45,19,29,dcrb,1.593
9,4,0,fadc,1.592
45,19,41,dcrb,1.592
54,9,72,dcrb,1.592
54,18,60,dcrb,1.592
55,16,8,dcrb,1.592
46,4,12,dcrb,1.591
46,20,84,dcrb,1.591
55,16,20,dcrb,1.591
45,6,91,dcrb,1.59
46,4,32,dcrb,1.59
54,17,72,dcrb,1.59
55,15,56,dcrb,1.59
46,4,22,dcrb,1.589
55,4,28,dcrb,1.589
55,4,31,dcrb,1.589
55,15,61,dcrb,1.589
45,6,76,dcrb,1.588
45,9,71,dcrb,1.588
45,18,51,dcrb,1.588
46,9,91,dcrb,1.588
46,15,54,dcrb,1.588
54,7,19,dcrb,1.588
9,4,7,fadc,1.587
45,9,41,dcrb,1.587
46,9,89,dcrb,1.587
46,15,58,dcrb,1.587
55,3,83,dcrb,1.587
55,4,18,dcrb,1.587
45,19,2,dcrb,1.586
46,3,91,dcrb,1.586
54,6,0,dcrb,1.586
54,17,75,dcrb,1.586
54,19,1,dcrb,1.586
46,3,77,dcrb,1.585
54,18,27,dcrb,1.585
54,6,44,dcrb,1.584
54,7,11,dcrb,1.584
55,3,73,dcrb,1.584
29,4,1,fadc,1.583
45,19,17,dcrb,1.583
54,5,60,dcrb,1.583
55,3,74,dcrb,1.583
55,4,41,dcrb,1.583
55,15,80,dcrb,1.583
55,20,94,dcrb,1.583
45,6,52,dcrb,1.582
45,18,21,dcrb,1.582
45,18,46,dcrb,1.582
45,19,19,dcrb,1.582
45,20,27,dcrb,1.582
55,15,92,dcrb,1.582
45,9,91,dcrb,1.581
45,19,13,dcrb,1.581
54,6,24,dcrb,1.581
54,18,33,dcrb,1.581
54,18,45,dcrb,1.581
55,4,6,dcrb,1.581
55,15,83,dcrb,1.581
45,6,92,dcrb,1.58
55,16,5,dcrb,1.58
55,20,88,dcrb,1.58
25,9,3,fadc,1.579
45,18,70,dcrb,1.579
45,18,83,dcrb,1.579
45,19,35,dcrb,1.579
45,20,17,dcrb,1.579
45,20,21,dcrb,1.579
54,5,75,dcrb,1.579
55,15,54,dcrb,1.579
45,6,32,dcrb,1.578
45,6,36,dcrb,1.578
45,17,75,dcrb,1.578
45,20,26,dcrb,1.578
54,5,94,dcrb,1.578
55,4,38,dcrb,1.578
9,3,8,fadc,1.577
27,16,9,fadc,1.577
45,18,57,dcrb,1.577
45,19,23,dcrb,1.577
45,20,19,dcrb,1.577
46,20,90,dcrb,1.577
54,6,89,dcrb,1.577
54,7,1,dcrb,1.577
54,18,38,dcrb,1.577
55,15,59,dcrb,1.577
55,16,2,dcrb,1.577
45,9,44,dcrb,1.576
46,9,94,dcrb,1.576
54,6,82,dcrb,1.576
45,9,77,dcrb,1.575
45,18,64,dcrb,1.575
45,18,86,dcrb,1.575
54,18,52,dcrb,1.575
25,9,10,fadc,1.574
45,20,22,dcrb,1.574
46,9,81,dcrb,1.574
54,6,50,dcrb,1.574
54,20,78,dcrb,1.574
55,3,91,dcrb,1.574
45,18,41,dcrb,1.573
45,18,94,dcrb,1.573
45,19,11,dcrb,1.573
45,20,7,dcrb,1.573
46,4,26,dcrb,1.573
54,6,76,dcrb,1.573
54,9,78,dcrb,1.573
54,18,94,dcrb,1.573
55,4,35,dcrb,1.573
45,6,18,dcrb,1.572
45,6,48,dcrb,1.572
45,6,74,dcrb,1.572
54,18,86,dcrb,1.572
55,15,89,dcrb,1.572
45,20,39,dcrb,1.571
54,5,86,dcrb,1.571
54,18,20,dcrb,1.571
54,18,54,dcrb,1.571
54,18,92,dcrb,1.571
55,3,69,dcrb,1.571
55,15,45,dcrb,1.571
45,6,34,dcrb,1.57
45,18,47,dcrb,1.57
45,20,29,dcrb,1.57
46,15,33,dcrb,1.57
46,20,93,dcrb,1.569
54,6,67,dcrb,1.569
55,4,23,dcrb,1.569
55,15,52,dcrb,1.569
45,18,92,dcrb,1.568
55,20,95,dcrb,1.568
45,18,79,dcrb,1.567
46,3,73,dcrb,1.567
27,10,5,fadc,1.566
45,5,93,dcrb,1.566
46,3,83,dcrb,1.566
46,4,16,dcrb,1.566
54,18,77,dcrb,1.566
54,19,6,dcrb,1.566
45,6,73,dcrb,1.565
45,9,52,dcrb,1.565
45,18,76,dcrb,1.565
46,4,10,dcrb,1.565
54,5,69,dcrb,1.565
54,20,4,dcrb,1.565
55,15,74,dcrb,1.565
45,6,46,dcrb,1.564
45,18,33,dcrb,1.564
45,19,8,dcrb,1.564
46,4,31,dcrb,1.564
54,18,30,dcrb,1.564
45,18,61,dcrb,1.563
46,4,35,dcrb,1.563
46,15,65,dcrb,1.563
46,20,94,dcrb,1.563
54,18,48,dcrb,1.563
55,3,70,dcrb,1.563
55,15,42,dcrb,1.563
45,20,33,dcrb,1.562
46,15,27,dcrb,1.562
55,3,71,dcrb,1.562
55,15,39,dcrb,1.562
55,15,58,dcrb,1.562
45,17,80,dcrb,1.561
45,18,85,dcrb,1.561
54,6,36,dcrb,1.561
55,15,62,dcrb,1.561
27,16,8,fadc,1.56
45,18,54,dcrb,1.56
46,3,74,dcrb,1.56
46,3,89,dcrb,1.56
46,15,39,dcrb,1.56
54,18,70,dcrb,1.56
55,3,80,dcrb,1.56
45,5,87,dcrb,1.559
45,6,16,dcrb,1.559
45,18,82,dcrb,1.559
45,19,1,dcrb,1.559
46,3,80,dcrb,1.559
45,18,78,dcrb,1.558
54,6,71,dcrb,1.558
54,16,78,dcrb,1.558
55,3,86,dcrb,1.558
25,9,11,fadc,1.557
29,7,1,fadc,1.557
45,6,67,dcrb,1.557
45,18,24,dcrb,1.557
45,18,72,dcrb,1.557
45,19,7,dcrb,1.557
46,4,23,dcrb,1.557
55,4,4,dcrb,1.557
45,6,85,dcrb,1.556
54,5,73,dcrb,1.556
55,4,25,dcrb,1.556
55,15,86,dcrb,1.556
45,6,25,dcrb,1.555
45,9,49,dcrb,1.555
45,18,67,dcrb,1.555
46,15,52,dcrb,1.555
54,6,30,dcrb,1.555
54,6,52,dcrb,1.555
54,17,93,dcrb,1.555
55,15,53,dcrb,1.555
55,15,95,dcrb,1.555
45,9,80,dcrb,1.554
45,20,38,dcrb,1.554
45,18,3,dcrb,1.553
45,18,60,dcrb,1.553
46,9,95,dcrb,1.553
54,18,59,dcrb,1.553
45,17,57,dcrb,1.552
45,17,69,dcrb,1.552
45,17,93,dcrb,1.552
45,18,26,dcrb,1.552
45,19,5,dcrb,1.552
46,4,25,dcrb,1.552
55,20,91,dcrb,1.552
45,17,32,dcrb,1.551
46,4,1,dcrb,1.551
54,18,72,dcrb,1.551
7,4,6,fadc,1.549
27,4,14,fadc,1.549
45,20,24,dcrb,1.549
54,6,49,dcrb,1.549
55,15,77,dcrb,1.549
55,20,93,dcrb,1.549
45,9,50,dcrb,1.548
45,20,25,dcrb,1.548
46,4,29,dcrb,1.548
54,9,73,dcrb,1.548
54,19,5,dcrb,1.548
55,15,65,dcrb,1.548
55,20,92,dcrb,1.548
45,18,38,dcrb,1.547
45,18,42,dcrb,1.547
54,6,18,dcrb,1.546
54,18,88,dcrb,1.546
55,4,14,dcrb,1.546
45,18,66,dcrb,1.545
55,3,67,dcrb,1.545
55,15,48,dcrb,1.545
45,18,59,dcrb,1.544
45,18,65,dcrb,1.544
54,6,73,dcrb,1.544
54,7,5,dcrb,1.544
54,18,58,dcrb,1.544
54,18,91,dcrb,1.544
45,6,40,dcrb,1.543
45,9,53,dcrb,1.543
45,18,9,dcrb,1.543
46,3,69,dcrb,1.543
46,15,53,dcrb,1.543
46,15,59,dcrb,1.543
54,5,57,dcrb,1.543
54,9,87,dcrb,1.543
55,4,12,dcrb,1.543
45,6,11,dcrb,1.542
45,18,52,dcrb,1.542
45,18,95,dcrb,1.542
54,18,44,dcrb,1.542
54,18,85,dcrb,1.542
55,15,44,dcrb,1.542
45,18,18,dcrb,1.541
45,18,56,dcrb,1.541
46,3,70,dcrb,1.541
46,3,86,dcrb,1.541
54,18,78,dcrb,1.541
54,20,7,dcrb,1.54
55,4,8,dcrb,1.54
55,15,33,dcrb,1.54
45,6,12,dcrb,1.539
45,6,61,dcrb,1.539
45,18,91,dcrb,1.539
46,15,15,dcrb,1.539
54,6,58,dcrb,1.539
45,18,49,dcrb,1.538
54,6,42,dcrb,1.538
46,15,44,dcrb,1.537
46,15,32,dcrb,1.536
54,9,89,dcrb,1.536
54,18,36,dcrb,1.536
45,18,17,dcrb,1.535
45,20,23,dcrb,1.535
54,18,84,dcrb,1.535
55,15,47,dcrb,1.535
46,4,7,dcrb,1.534
54,18,0,dcrb,1.533
54,18,64,dcrb,1.533
54,18,82,dcrb,1.533
54,19,4,dcrb,1.533
54,20,13,dcrb,1.533
55,15,50,dcrb,1.533
45,18,58,dcrb,1.532
45,18,77,dcrb,1.532
46,3,92,dcrb,1.532
46,15,48,dcrb,1.532
54,18,71,dcrb,1.532
45,6,24,dcrb,1.531
45,18,36,dcrb,1.531
46,14,93,dcrb,1.531
46,15,55,dcrb,1.531
54,6,46,dcrb,1.531
25,9,2,fadc,1.53
45,6,22,dcrb,1.53
54,18,83,dcrb,1.53
55,4,2,dcrb,1.53
55,4,29,dcrb,1.53
55,4,32,dcrb,1.53
55,15,55,dcrb,1.53
45,6,28,dcrb,1.529
45,9,58,dcrb,1.529
45,20,42,dcrb,1.529
54,17,87,dcrb,1.529
54,18,76,dcrb,1.529
54,20,72,dcrb,1.529
45,18,50,dcrb,1.528
46,4,20,dcrb,1.528
55,15,27,dcrb,1.528
7,4,3,fadc,1.527
45,6,55,dcrb,1.527
46,3,71,dcrb,1.527
46,4,13,dcrb,1.527
54,18,28,dcrb,1.527
55,15,46,dcrb,1.527
46,15,42,dcrb,1.526
54,6,77,dcrb,1.526
55,15,43,dcrb,1.526
55,15,36,dcrb,1.525
44,14,4,dcrb,1.524
45,17,90,dcrb,1.524
54,5,33,dcrb,1.524
55,3,65,dcrb,1.524
55,4,10,dcrb,1.524
7,5,0,fadc,1.523
45,9,55,dcrb,1.523
54,18,3,dcrb,1.523
54,18,79,dcrb,1.523
55,15,40,dcrb,1.523
9,4,13,fadc,1.522
9,10,11,fadc,1.522
45,18,71,dcrb,1.522
46,4,19,dcrb,1.522
54,18,95,dcrb,1.522
45,6,77,dcrb,1.521
45,18,53,dcrb,1.521
46,15,38,dcrb,1.521
54,17,51,dcrb,1.521
54,18,89,dcrb,1.521
55,3,95,dcrb,1.521
55,20,83,dcrb,1.521
45,6,4,dcrb,1.52
45,18,15,dcrb,1.52
46,4,5,dcrb,1.52
46,15,49,dcrb,1.52
54,5,68,dcrb,1.52
54,6,40,dcrb,1.52
54,17,60,dcrb,1.52
54,18,42,dcrb,1.52
55,4,19,dcrb,1.52
45,17,84,dcrb,1.519
46,14,81,dcrb,1.519
55,15,49,dcrb,1.519
7,18,7,fadc,1.518
25,4,6,fadc,1.518
45,9,88,dcrb,1.518
45,18,31,dcrb,1.518
45,18,43,dcrb,1.518
45,18,55,dcrb,1.518
46,15,21,dcrb,1.518
54,18,66,dcrb,1.518
45,20,32,dcrb,1.517
46,15,43,dcrb,1.517
54,18,18,dcrb,1.517
54,18,46,dcrb,1.517
55,15,3,dcrb,1.517
45,6,37,dcrb,1.516
45,18,4,dcrb,1.516
45,18,12,dcrb,1.516
46,15,9,dcrb,1.516
55,3,66,dcrb,1.516
45,5,75,dcrb,1.515
46,3,95,dcrb,1.515
46,14,75,dcrb,1.515
46,15,30,dcrb,1.515
45,6,53,dcrb,1.514
46,15,36,dcrb,1.514
54,6,20,dcrb,1.514
54,6,43,dcrb,1.514
54,6,83,dcrb,1.514
54,18,67,dcrb,1.514
55,4,16,dcrb,1.514
55,14,93,dcrb,1.514
9,10,10,fadc,1.513
9,10,12,fadc,1.513
45,6,68,dcrb,1.513
45,18,6,dcrb,1.513
46,15,40,dcrb,1.513
54,6,55,dcrb,1.513
54,18,40,dcrb,1.513
55,15,37,dcrb,1.513
46,15,8,dcrb,1.512
46,15,26,dcrb,1.512
54,5,51,dcrb,1.512
54,7,35,dcrb,1.512
54,17,81,dcrb,1.512
55,15,38,dcrb,1.512
46,15,47,dcrb,1.511
55,14,81,dcrb,1.511
54,18,49,dcrb,1.51
54,18,73,dcrb,1.51
45,17,9,dcrb,1.509
45,17,45,dcrb,1.509
45,20,41,dcrb,1.509
46,15,2,dcrb,1.509
27,6,4,fadc,1.508
45,18,0,dcrb,1.508
45,18,22,dcrb,1.508
45,20,63,dcrb,1.508
46,4,2,dcrb,1.508
46,15,20,dcrb,1.508
45,18,16,dcrb,1.507
46,3,66,dcrb,1.507
46,14,87,dcrb,1.507
46,15,46,dcrb,1.507
54,5,84,dcrb,1.507
55,4,1,dcrb,1.507
55,15,34,dcrb,1.507
45,6,83,dcrb,1.506
9,5,0,fadc,1.505
45,6,8,dcrb,1.505
45,6,43,dcrb,1.505
45,18,25,dcrb,1.505
46,15,3,dcrb,1.505
53,14,9,dcrb,1.505
54,6,34,dcrb,1.505
54,17,74,dcrb,1.505
55,3,68,dcrb,1.505
53,14,4,dcrb,1.504
45,6,49,dcrb,1.503
54,6,61,dcrb,1.502
55,4,17,dcrb,1.502
45,6,6,dcrb,1.501
45,17,63,dcrb,1.501
46,3,68,dcrb,1.501
54,20,75,dcrb,1.501
55,14,87,dcrb,1.501
45,5,90,dcrb,1.5
45,6,71,dcrb,1.5
45,18,19,dcrb,1.5
54,17,90,dcrb,1.5
54,18,24,dcrb,1.5
45,17,94,dcrb,1.499
45,20,28,dcrb,1.499
45,20,51,dcrb,1.499
46,15,29,dcrb,1.499
46,15,41,dcrb,1.499
54,6,1,dcrb,1.499
54,17,69,dcrb,1.499
54,18,61,dcrb,1.499
46,15,34,dcrb,1.498
7,18,10,fadc,1.497
45,6,14,dcrb,1.497
45,9,86,dcrb,1.497
46,15,24,dcrb,1.497
54,6,2,dcrb,1.497
54,6,12,dcrb,1.497
54,18,55,dcrb,1.497
45,20,34,dcrb,1.496
54,18,34,dcrb,1.496
45,6,26,dcrb,1.495
45,18,10,dcrb,1.495
46,4,14,dcrb,1.495
54,17,56,dcrb,1.495
55,15,41,dcrb,1.495
45,18,13,dcrb,1.494
45,18,34,dcrb,1.494
45,20,60,dcrb,1.493
54,6,59,dcrb,1.493
55,4,13,dcrb,1.493
55,15,24,dcrb,1.493
45,5,31,dcrb,1.492
54,6,28,dcrb,1.492
53,14,6,dcrb,1.491
54,18,26,dcrb,1.491
55,15,16,dcrb,1.491
55,20,89,dcrb,1.491
45,5,15,dcrb,1.49
45,6,38,dcrb,1.49
45,17,56,dcrb,1.49
45,17,95,dcrb,1.49
45,20,30,dcrb,1.49
54,6,53,dcrb,1.49
55,15,35,dcrb,1.49
45,17,72,dcrb,1.489
45,18,32,dcrb,1.489
46,3,64,dcrb,1.489
46,3,67,dcrb,1.489
55,15,26,dcrb,1.489
55,15,30,dcrb,1.489
45,5,69,dcrb,1.488
45,20,36,dcrb,1.488
54,18,65,dcrb,1.488
55,14,94,dcrb,1.488
45,6,47,dcrb,1.487
45,9,83,dcrb,1.487
54,18,12,dcrb,1.487
55,4,26,dcrb,1.487
55,15,15,dcrb,1.487
45,9,84,dcrb,1.486
46,15,0,dcrb,1.486
46,15,4,dcrb,1.486
46,15,16,dcrb,1.486
46,15,31,dcrb,1.486
54,6,6,dcrb,1.486
55,4,7,dcrb,1.486
55,15,21,dcrb,1.486
29,7,3,fadc,1.485
55,15,22,dcrb,1.485
45,17,88,dcrb,1.484
46,3,65,dcrb,1.484
46,4,8,dcrb,1.484
54,5,79,dcrb,1.484
54,17,57,dcrb,1.484
54,17,92,dcrb,1.484
54,18,31,dcrb,1.484
54,18,35,dcrb,1.484
55,4,11,dcrb,1.484
7,18,2,fadc,1.483
45,18,35,dcrb,1.483
45,20,75,dcrb,1.483
46,14,76,dcrb,1.483
54,5,95,dcrb,1.483
55,14,75,dcrb,1.483
55,15,9,dcrb,1.483
45,17,60,dcrb,1.482
45,20,31,dcrb,1.482
46,4,11,dcrb,1.482
54,5,76,dcrb,1.482
54,18,43,dcrb,1.482
54,18,53,dcrb,1.482
45,18,37,dcrb,1.481
54,17,80,dcrb,1.481
55,3,63,dcrb,1.481
55,3,64,dcrb,1.481
45,9,59,dcrb,1.48
45,17,91,dcrb,1.48
45,20,57,dcrb,1.48
46,15,14,dcrb,1.48
46,15,35,dcrb,1.48
45,6,41,dcrb,1.479
46,3,62,dcrb,1.479
54,5,90,dcrb,1.479
55,4,5,dcrb,1.479
55,14,90,dcrb,1.479
55,20,85,dcrb,1.479
46,3,63,dcrb,1.478
46,15,18,dcrb,1.478
54,18,29,dcrb,1.478
45,17,33,dcrb,1.477
54,6,16,dcrb,1.477
54,6,22,dcrb,1.477
54,6,25,dcrb,1.477
54,17,86,dcrb,1.477
54,18,17,dcrb,1.477
27,5,2,fadc,1.476
46,15,5,dcrb,1.476
46,15,11,dcrb,1.476
54,18,6,dcrb,1.476
55,14,92,dcrb,1.476
45,6,23,dcrb,1.475
45,20,56,dcrb,1.475
46,14,92,dcrb,1.475
46,15,37,dcrb,1.475
54,17,94,dcrb,1.475
45,5,57,dcrb,1.474
55,15,0,dcrb,1.474
45,5,78,dcrb,1.473
45,17,78,dcrb,1.473
54,18,10,dcrb,1.473
55,14,84,dcrb,1.473
55,15,32,dcrb,1.473
45,6,59,dcrb,1.472
55,14,78,dcrb,1.472
9,5,2,fadc,1.471
54,6,38,dcrb,1.471
54,18,37,dcrb,1.471
55,15,12,dcrb,1.471
55,15,18,dcrb,1.471
55,15,28,dcrb,1.471
7,6,5,fadc,1.47
45,9,66,dcrb,1.469
45,17,82,dcrb,1.469
46,15,12,dcrb,1.469
45,5,63,dcrb,1.468
46,14,78,dcrb,1.468
55,15,31,dcrb,1.468
45,18,1,dcrb,1.467
45,18,2,dcrb,1.467
46,15,10,dcrb,1.467
46,15,17,dcrb,1.467
54,5,39,dcrb,1.467
54,17,84,dcrb,1.467
54,18,16,dcrb,1.467
54,18,19,dcrb,1.467
45,5,27,dcrb,1.466
45,5,66,dcrb,1.466
45,17,92,dcrb,1.466
54,18,4,dcrb,1.466
46,15,13,dcrb,1.465
54,18,23,dcrb,1.465
45,20,54,dcrb,1.464
54,5,30,dcrb,1.464
55,15,20,dcrb,1.464
46,15,7,dcrb,1.463
54,6,37,dcrb,1.463
54,17,70,dcrb,1.463
54,18,22,dcrb,1.463
54,18,41,dcrb,1.463
54,6,10,dcrb,1.462
55,14,88,dcrb,1.462
27,5,0,fadc,1.461
45,18,23,dcrb,1.461
54,17,21,dcrb,1.461
54,17,88,dcrb,1.461
45,18,14,dcrb,1.46
55,15,29,dcrb,1.46
46,15,1,dcrb,1.459
25,18,4,fadc,1.458
45,18,11,dcrb,1.458
46,14,69,dcrb,1.458
46,15,25,dcrb,1.458
54,17,55,dcrb,1.458
44,14,1,dcrb,1.457
45,17,51,dcrb,1.457
45,20,69,dcrb,1.457
46,15,19,dcrb,1.457
54,17,66,dcrb,1.457
54,18,5,dcrb,1.457
55,4,20,dcrb,1.457
45,9,62,dcrb,1.456
46,15,28,dcrb,1.456
54,17,46,dcrb,1.456
55,15,6,dcrb,1.456
7,3,10,fadc,1.455
25,7,3,fadc,1.455
45,9,81,dcrb,1.455
54,6,31,dcrb,1.455
54,17,71,dcrb,1.455
54,17,78,dcrb,1.455
54,18,47,dcrb,1.455
45,5,14,dcrb,1.454
45,5,82,dcrb,1.454
54,9,82,dcrb,1.454
54,17,45,dcrb,1.454
54,17,73,dcrb,1.454
27,6,7,fadc,1.453
55,15,10,dcrb,1.453
45,6,19,dcrb,1.452
45,20,37,dcrb,1.452
45,6,13,dcrb,1.451
45,18,5,dcrb,1.451
45,20,81,dcrb,1.451
54,6,23,dcrb,1.451
45,18,8,dcrb,1.45
45,20,35,dcrb,1.45
46,14,84,dcrb,1.45
54,18,1,dcrb,1.45
54,18,2,dcrb,1.45
55,15,13,dcrb,1.45
55,15,23,dcrb,1.45
45,5,94,dcrb,1.449
45,6,35,dcrb,1.449
46,15,6,dcrb,1.449
54,6,47,dcrb,1.449
54,18,25,dcrb,1.449
55,15,8,dcrb,1.449
45,17,74,dcrb,1.448
54,5,72,dcrb,1.448
54,6,26,dcrb,1.448
54,17,9,dcrb,1.448
55,15,19,dcrb,1.448
54,16,57,dcrb,1.447
55,15,7,dcrb,1.447
55,15,25,dcrb,1.447
27,5,3,fadc,1.446
45,20,40,dcrb,1.446
46,14,72,dcrb,1.446
46,14,94,dcrb,1.446
54,5,21,dcrb,1.445
54,18,7,dcrb,1.445
55,14,91,dcrb,1.445
45,17,36,dcrb,1.444
45,18,7,dcrb,1.444
25,4,7,fadc,1.443
25,7,4,fadc,1.443
46,15,50,dcrb,1.443
46,3,60,dcrb,1.442
27,3,7,fadc,1.441
45,17,86,dcrb,1.441
45,6,17,dcrb,1.44
45,17,58,dcrb,1.44
45,9,94,dcrb,1.439
45,20,43,dcrb,1.439
46,14,90,dcrb,1.439
54,17,82,dcrb,1.439
54,5,27,dcrb,1.438
54,5,61,dcrb,1.438
54,18,13,dcrb,1.438
54,6,13,dcrb,1.437
54,17,15,dcrb,1.437
54,18,11,dcrb,1.437
55,3,56,dcrb,1.437
55,15,4,dcrb,1.437
55,15,17,dcrb,1.437
45,17,39,dcrb,1.436
45,20,50,dcrb,1.436
54,5,88,dcrb,1.436
45,17,79,dcrb,1.435
53,14,1,dcrb,1.435
55,3,61,dcrb,1.435
55,15,14,dcrb,1.435
55,3,62,dcrb,1.433
45,9,89,dcrb,1.432
45,17,66,dcrb,1.432
45,20,87,dcrb,1.432
54,6,19,dcrb,1.432
54,9,90,dcrb,1.432
45,17,85,dcrb,1.431
54,6,35,dcrb,1.431
54,17,91,dcrb,1.431
27,10,8,fadc,1.43
45,9,70,dcrb,1.43
45,17,27,dcrb,1.43
45,20,48,dcrb,1.43
45,17,54,dcrb,1.429
54,17,54,dcrb,1.429
55,15,11,dcrb,1.429
45,17,73,dcrb,1.428
55,14,82,dcrb,1.428
55,14,95,dcrb,1.428
45,5,72,dcrb,1.427
46,3,61,dcrb,1.427
55,14,69,dcrb,1.427
46,3,57,dcrb,1.426
46,14,86,dcrb,1.426
45,5,21,dcrb,1.425
45,5,88,dcrb,1.425
45,17,24,dcrb,1.425
45,17,44,dcrb,1.425
45,17,62,dcrb,1.425
45,17,76,dcrb,1.425
45,17,77,dcrb,1.425
54,9,76,dcrb,1.425
55,15,5,dcrb,1.425
45,6,7,dcrb,1.424
45,5,39,dcrb,1.423
54,5,15,dcrb,1.423
54,17,42,dcrb,1.423
54,17,61,dcrb,1.423
55,14,72,dcrb,1.423
45,5,76,dcrb,1.422
46,3,59,dcrb,1.422
55,3,57,dcrb,1.422
45,20,78,dcrb,1.421
54,5,58,dcrb,1.421
55,15,1,dcrb,1.421
45,5,51,dcrb,1.42
46,14,95,dcrb,1.42
54,17,85,dcrb,1.419
55,14,85,dcrb,1.419
45,9,76,dcrb,1.418
54,9,84,dcrb,1.418
54,17,76,dcrb,1.418
54,17,95,dcrb,1.418
45,9,87,dcrb,1.417
45,17,40,dcrb,1.417
54,6,41,dcrb,1.417
54,17,64,dcrb,1.417
45,20,47,dcrb,1.416
46,14,63,dcrb,1.415
45,17,42,dcrb,1.414
45,17,70,dcrb,1.414
45,17,89,dcrb,1.414
54,5,82,dcrb,1.414
54,5,91,dcrb,1.414
45,5,70,dcrb,1.413
45,17,8,dcrb,1.413
45,17,30,dcrb,1.413
54,9,79,dcrb,1.413
54,6,11,dcrb,1.412
54,17,50,dcrb,1.412
7,4,2,fadc,1.411
55,14,86,dcrb,1.411
55,15,2,dcrb,1.411
45,17,83,dcrb,1.41
46,14,82,dcrb,1.41
54,17,79,dcrb,1.41
55,3,58,dcrb,1.41
45,9,92,dcrb,1.409
46,3,58,dcrb,1.409
54,5,66,dcrb,1.409
54,6,7,dcrb,1.409
54,6,29,dcrb,1.409
54,17,33,dcrb,1.409
45,17,64,dcrb,1.408
54,17,89,dcrb,1.408
55,14,76,dcrb,1.408
54,16,63,dcrb,1.407
54,5,9,dcrb,1.406
54,17,52,dcrb,1.406
45,20,53,dcrb,1.405
45,17,46,dcrb,1.404
45,17,68,dcrb,1.404
54,5,40,dcrb,1.404
55,3,59,dcrb,1.404
45,9,90,dcrb,1.403
55,3,55,dcrb,1.403
55,14,79,dcrb,1.403
45,9,68,dcrb,1.402
55,3,60,dcrb,1.402
27,10,4,fadc,1.401
54,17,58,dcrb,1.401
45,9,95,dcrb,1.4
54,17,39,dcrb,1.4
45,5,33,dcrb,1.399
54,9,91,dcrb,1.399
55,14,89,dcrb,1.399
7,16,6,fadc,1.398
45,17,61,dcrb,1.398
46,14,88,dcrb,1.398
54,17,24,dcrb,1.398
54,17,30,dcrb,1.398
45,5,30,dcrb,1.397
54,5,48,dcrb,1.397
54,5,50,dcrb,1.397
54,6,17,dcrb,1.397
54,17,49,dcrb,1.397
45,17,71,dcrb,1.396
46,3,51,dcrb,1.396
45,6,20,dcrb,1.395
45,20,49,dcrb,1.395
46,3,56,dcrb,1.395
46,14,66,dcrb,1.395
46,3,55,dcrb,1.394
54,5,70,dcrb,1.394
54,5,89,dcrb,1.393
54,17,44,dcrb,1.393
45,20,46,dcrb,1.392
54,17,68,dcrb,1.392
55,3,54,dcrb,1.392
9,10,4,fadc,1.391
45,20,61,dcrb,1.391
54,5,42,dcrb,1.391
54,5,85,dcrb,1.391
54,6,5,dcrb,1.391
54,17,8,dcrb,1.391
45,9,74,dcrb,1.39
45,20,68,dcrb,1.39
46,3,45,dcrb,1.39
46,14,70,dcrb,1.39
45,17,52,dcrb,1.389
45,17,55,dcrb,1.389
45,20,52,dcrb,1.389
7,6,9,fadc,1.388
46,14,57,dcrb,1.386
54,17,59,dcrb,1.386
45,17,22,dcrb,1.385
54,5,32,dcrb,1.385
54,9,83,dcrb,1.385
54,17,48,dcrb,1.385
54,17,83,dcrb,1.385
55,14,83,dcrb,1.385
45,20,62,dcrb,1.384
46,3,50,dcrb,1.384
46,14,67,dcrb,1.384
46,14,79,dcrb,1.384
54,16,76,dcrb,1.384
54,17,36,dcrb,1.384
54,17,67,dcrb,1.384
54,17,77,dcrb,1.384
7,16,2,fadc,1.383
9,6,5,fadc,1.382
9,6,13,fadc,1.382
45,16,87,dcrb,1.382
54,4,74,dcrb,1.382
45,17,59,dcrb,1.381
45,20,66,dcrb,1.381
46,3,54,dcrb,1.381
45,17,50,dcrb,1.38
45,9,93,dcrb,1.379
45,9,64,dcrb,1.378
45,20,55,dcrb,1.378
54,17,27,dcrb,1.378
55,14,63,dcrb,1.378
9,5,5,fadc,1.377
45,17,67,dcrb,1.377
46,14,64,dcrb,1.376
25,18,8,fadc,1.375
45,5,64,dcrb,1.375
45,17,21,dcrb,1.375
46,3,48,dcrb,1.375
46,14,73,dcrb,1.375
54,17,34,dcrb,1.375
55,14,80,dcrb,1.375
45,17,65,dcrb,1.373
54,5,3,dcrb,1.373
45,20,64,dcrb,1.372
46,14,68,dcrb,1.372
9,6,11,fadc,1.371
45,17,15,dcrb,1.371
54,17,6,dcrb,1.371
45,20,58,dcrb,1.37
54,5,77,dcrb,1.368
54,5,83,dcrb,1.368
27,5,4,fadc,1.367
46,14,77,dcrb,1.367
54,5,24,dcrb,1.367
54,17,65,dcrb,1.367
55,3,50,dcrb,1.367
54,5,36,dcrb,1.366
55,3,52,dcrb,1.366
54,17,3,dcrb,1.365
54,16,87,dcrb,1.364
27,6,11,fadc,1.363
54,5,31,dcrb,1.363
54,17,53,dcrb,1.363
55,14,70,dcrb,1.363
45,17,41,dcrb,1.362
55,3,51,dcrb,1.362
25,3,13,fadc,1.361
45,5,58,dcrb,1.361
9,6,9,fadc,1.36
54,5,64,dcrb,1.36
55,3,39,dcrb,1.36
45,17,49,dcrb,1.359
54,9,94,dcrb,1.359
55,3,53,dcrb,1.359
46,3,49,dcrb,1.358
46,14,71,dcrb,1.358
45,5,4,dcrb,1.357
45,5,42,dcrb,1.357
45,16,76,dcrb,1.357
45,20,74,dcrb,1.357
7,18,5,fadc,1.355
46,14,60,dcrb,1.355
46,3,53,dcrb,1.354
54,5,6,dcrb,1.354
45,4,78,dcrb,1.353
45,5,18,dcrb,1.353
45,20,59,dcrb,1.352
54,4,93,dcrb,1.352
54,17,40,dcrb,1.352
55,14,77,dcrb,1.352
45,17,38,dcrb,1.35
46,3,33,dcrb,1.35
45,5,40,dcrb,1.349
45,20,90,dcrb,1.349
54,5,38,dcrb,1.349
46,3,39,dcrb,1.348
54,9,88,dcrb,1.348
55,14,73,dcrb,1.348
55,14,74,dcrb,1.348
45,17,47,dcrb,1.347
54,16,62,dcrb,1.347
54,17,28,dcrb,1.347
55,3,45,dcrb,1.346
45,5,24,dcrb,1.345
54,16,93,dcrb,1.345
45,9,72,dcrb,1.344
45,20,76,dcrb,1.343
54,17,47,dcrb,1.343
55,3,49,dcrb,1.343
45,17,34,dcrb,1.342
45,16,93,dcrb,1.34
45,17,25,dcrb,1.34
54,5,67,dcrb,1.34
25,4,1,fadc,1.339
46,3,47,dcrb,1.338
46,3,52,dcrb,1.338
9,6,7,fadc,1.337
45,5,12,dcrb,1.337
45,17,12,dcrb,1.337
54,5,71,dcrb,1.337
54,17,43,dcrb,1.336
45,20,72,dcrb,1.335
54,17,38,dcrb,1.335
54,17,18,dcrb,1.334
25,6,13,fadc,1.333
45,17,53,dcrb,1.333
54,5,52,dcrb,1.333
54,16,69,dcrb,1.333
45,17,31,dcrb,1.332
54,16,79,dcrb,1.332
45,9,67,dcrb,1.331
46,3,44,dcrb,1.331
54,5,49,dcrb,1.331
54,16,81,dcrb,1.331
27,16,4,fadc,1.33
55,14,57,dcrb,1.33
9,10,9,fadc,1.329
9,16,11,fadc,1.329
45,16,57,dcrb,1.329
45,17,35,dcrb,1.329
54,4,87,dcrb,1.329
54,16,42,dcrb,1.329
55,3,42,dcrb,1.329
45,17,3,dcrb,1.328
46,14,80,dcrb,1.328
54,4,72,dcrb,1.328
54,17,20,dcrb,1.328
54,5,18,dcrb,1.327
54,9,85,dcrb,1.327
45,17,43,dcrb,1.326
46,14,65,dcrb,1.326
54,4,52,dcrb,1.326
27,10,13,fadc,1.325
54,16,77,dcrb,1.325
55,14,66,dcrb,1.325
45,9,69,dcrb,1.324
7,13,13,fadc,1.323
45,5,37,dcrb,1.323
45,20,65,dcrb,1.323
46,14,58,dcrb,1.323
54,3,93,dcrb,1.323
45,5,48,dcrb,1.322
45,17,37,dcrb,1.322
46,3,36,dcrb,1.322
25,7,1,fadc,1.321
45,5,36,dcrb,1.321
54,5,59,dcrb,1.321
45,4,93,dcrb,1.32
55,3,43,dcrb,1.32
45,17,6,dcrb,1.319
46,3,43,dcrb,1.319
46,3,46,dcrb,1.319
54,17,0,dcrb,1.319
54,17,23,dcrb,1.319
27,5,1,fadc,1.318
45,17,1,dcrb,1.318
54,5,46,dcrb,1.318
55,3,40,dcrb,1.318
9,6,6,fadc,1.317
55,3,46,dcrb,1.317
27,10,12,fadc,1.316
46,3,40,dcrb,1.316
54,17,12,dcrb,1.316
9,6,8,fadc,1.315
45,5,9,dcrb,1.315
45,20,70,dcrb,1.315
45,17,0,dcrb,1.314
54,5,28,dcrb,1.314
55,3,47,dcrb,1.314
27,16,3,fadc,1.313
46,14,61,dcrb,1.312
45,16,81,dcrb,1.311
45,17,18,dcrb,1.311
46,3,42,dcrb,1.311
46,14,62,dcrb,1.311
54,5,12,dcrb,1.311
54,17,37,dcrb,1.311
9,16,9,fadc,1.31
45,16,90,dcrb,1.31
46,14,74,dcrb,1.31
45,4,87,dcrb,1.309
54,5,34,dcrb,1.309
45,5,52,dcrb,1.308
45,17,28,dcrb,1.308
45,17,10,dcrb,1.307
45,17,26,dcrb,1.307
54,17,41,dcrb,1.307
45,5,26,dcrb,1.306
45,17,20,dcrb,1.306
54,4,75,dcrb,1.306
27,6,5,fadc,1.305
45,5,3,dcrb,1.305
45,5,28,dcrb,1.305
45,17,29,dcrb,1.305
45,20,67,dcrb,1.305
54,5,22,dcrb,1.305
54,5,65,dcrb,1.305
54,17,31,dcrb,1.305
54,17,35,dcrb,1.305
45,4,75,dcrb,1.304
45,9,75,dcrb,1.304
54,5,53,dcrb,1.304
45,20,84,dcrb,1.303
54,5,20,dcrb,1.303
54,17,32,dcrb,1.302
54,4,81,dcrb,1.3
45,5,43,dcrb,1.299
45,17,16,dcrb,1.296
45,20,92,dcrb,1.296
45,20,80,dcrb,1.295
54,4,69,dcrb,1.295
9,10,5,fadc,1.294
45,16,45,dcrb,1.294
54,16,72,dcrb,1.294
45,16,94,dcrb,1.293
7,4,1,fadc,1.292
9,5,4,fadc,1.292
9,5,3,fadc,1.291
45,17,4,dcrb,1.29
54,17,16,dcrb,1.289
27,10,6,fadc,1.288
45,5,41,dcrb,1.288
46,14,54,dcrb,1.288
45,16,75,dcrb,1.286
54,5,37,dcrb,1.286
54,16,75,dcrb,1.285
54,16,90,dcrb,1.285
54,17,22,dcrb,1.285
7,3,14,fadc,1.284
7,14,1,fadc,1.284
45,17,2,dcrb,1.284
54,5,4,dcrb,1.284
54,16,73,dcrb,1.284
54,16,84,dcrb,1.284
45,17,23,dcrb,1.283
54,4,88,dcrb,1.283
54,17,26,dcrb,1.283
54,17,29,dcrb,1.283
55,3,44,dcrb,1.283
46,3,41,dcrb,1.282
7,9,3,fadc,1.281
46,14,51,dcrb,1.281
45,20,71,dcrb,1.28
45,20,79,dcrb,1.28
27,16,7,fadc,1.279
45,9,73,dcrb,1.279
54,5,43,dcrb,1.279
54,5,16,dcrb,1.278
46,3,37,dcrb,1.277
45,5,19,dcrb,1.275
45,9,78,dcrb,1.275
55,3,36,dcrb,1.275
55,14,60,dcrb,1.275
55,14,64,dcrb,1.275
54,17,11,dcrb,1.274
55,3,33,dcrb,1.274
45,16,88,dcrb,1.273
54,4,90,dcrb,1.273
54,5,25,dcrb,1.273
54,5,35,dcrb,1.273
9,7,1,fadc,1.272
9,10,2,fadc,1.272
45,16,77,dcrb,1.272
45,17,13,dcrb,1.272
46,3,38,dcrb,1.272
54,16,54,dcrb,1.272
45,4,81,dcrb,1.271
54,4,78,dcrb,1.271
55,14,71,dcrb,1.271
54,17,2,dcrb,1.27
7,6,4,fadc,1.269
9,3,7,fadc,1.269
54,5,0,dcrb,1.269
54,5,55,dcrb,1.269
54,16,67,dcrb,1.269
9,10,8,fadc,1.267
9,16,5,fadc,1.267
25,3,2,fadc,1.267
45,17,17,dcrb,1.267
54,16,86,dcrb,1.267
46,14,56,dcrb,1.266
54,5,47,dcrb,1.266
54,17,19,dcrb,1.266
45,20,73,dcrb,1.265
45,20,77,dcrb,1.265
54,5,10,dcrb,1.265
7,3,15,fadc,1.264
54,5,7,dcrb,1.264
25,4,0,fadc,1.263
27,6,8,fadc,1.263
45,16,92,dcrb,1.263
54,17,14,dcrb,1.263
9,16,4,fadc,1.262
25,5,2,fadc,1.262
54,16,41,dcrb,1.262
54,16,68,dcrb,1.262
54,17,1,dcrb,1.262
45,16,89,dcrb,1.261
54,17,10,dcrb,1.261
45,5,34,dcrb,1.26
27,10,7,fadc,1.259
45,20,82,dcrb,1.259
45,20,94,dcrb,1.259
54,17,4,dcrb,1.259
55,3,41,dcrb,1.259
46,14,59,dcrb,1.258
25,8,15,fadc,1.257
9,16,8,fadc,1.256
45,17,19,dcrb,1.256
54,17,13,dcrb,1.256
45,9,79,dcrb,1.255
45,16,63,dcrb,1.255
45,16,69,dcrb,1.255
54,5,29,dcrb,1.255
54,17,25,dcrb,1.254
54,5,41,dcrb,1.253
54,16,58,dcrb,1.252
45,16,78,dcrb,1.251
45,17,7,dcrb,1.25
45,17,14,dcrb,1.25
54,3,87,dcrb,1.25
54,4,57,dcrb,1.249
54,17,7,dcrb,1.249
45,5,22,dcrb,1.248
46,3,34,dcrb,1.248
54,4,84,dcrb,1.248
45,5,13,dcrb,1.247
55,14,67,dcrb,1.247
54,4,62,dcrb,1.244
54,16,94,dcrb,1.244
45,4,88,dcrb,1.243
45,16,86,dcrb,1.242
45,16,84,dcrb,1.241
54,5,19,dcrb,1.241
55,3,38,dcrb,1.241
7,10,13,fadc,1.24
25,18,7,fadc,1.24
46,14,45,dcrb,1.24
54,16,33,dcrb,1.24
27,10,10,fadc,1.239
45,5,6,dcrb,1.239
55,3,37,dcrb,1.239
27,6,12,fadc,1.238
54,4,63,dcrb,1.238
7,16,7,fadc,1.237
46,3,30,dcrb,1.237
54,16,88,dcrb,1.237
55,3,34,dcrb,1.237
45,20,88,dcrb,1.236
54,5,14,dcrb,1.236
54,16,40,dcrb,1.235
54,5,26,dcrb,1.234
54,17,17,dcrb,1.234
45,5,0,dcrb,1.233
46,3,27,dcrb,1.232
46,3,35,dcrb,1.232
54,16,85,dcrb,1.232
9,16,6,fadc,1.231
45,5,35,dcrb,1.231
54,16,66,dcrb,1.231
27,16,10,fadc,1.229
45,4,60,dcrb,1.229
45,4,69,dcrb,1.229
45,5,32,dcrb,1.229
54,4,94,dcrb,1.229
45,16,82,dcrb,1.228
46,14,55,dcrb,1.227
54,17,5,dcrb,1.226
55,3,27,dcrb,1.226
25,16,6,fadc,1.225
45,5,16,dcrb,1.225
45,16,72,dcrb,1.225
45,16,85,dcrb,1.224
45,20,85,dcrb,1.224
54,16,45,dcrb,1.224
45,16,44,dcrb,1.223
54,5,1,dcrb,1.223
54,5,8,dcrb,1.222
55,3,48,dcrb,1.222
45,16,80,dcrb,1.22
45,17,5,dcrb,1.22
54,5,11,dcrb,1.22
55,14,51,dcrb,1.22
54,4,45,dcrb,1.219
54,5,17,dcrb,1.219
54,16,65,dcrb,1.219
54,16,83,dcrb,1.219
55,14,54,dcrb,1.219
25,7,0,fadc,1.218
45,16,64,dcrb,1.218
54,4,89,dcrb,1.218
54,16,51,dcrb,1.218
25,18,6,fadc,1.217
45,16,91,dcrb,1.217
45,20,91,dcrb,1.216
54,16,91,dcrb,1.216
45,17,11,dcrb,1.215
54,16,82,dcrb,1.215
54,5,23,dcrb,1.214
27,6,6,fadc,1.213
45,4,90,dcrb,1.213
54,16,92,dcrb,1.213
25,4,4,fadc,1.212
45,5,38,dcrb,1.211
45,16,40,dcrb,1.211
45,16,55,dcrb,1.211
46,14,91,dcrb,1.211
45,16,66,dcrb,1.21
55,3,30,dcrb,1.209
25,18,9,fadc,1.208
45,16,83,dcrb,1.208
54,5,13,dcrb,1.208
54,16,95,dcrb,1.208
55,14,58,dcrb,1.208
55,14,61,dcrb,1.208
45,4,57,dcrb,1.207
45,5,29,dcrb,1.207
45,4,76,dcrb,1.206
54,4,51,dcrb,1.204
7,18,6,fadc,1.202
45,4,63,dcrb,1.202
45,16,51,dcrb,1.202
54,16,80,dcrb,1.202
9,10,7,fadc,1.2
27,6,13,fadc,1.2
45,4,45,dcrb,1.2
54,5,2,dcrb,1.2
54,16,89,dcrb,1.2
45,16,95,dcrb,1.198
45,5,20,dcrb,1.197
45,5,25,dcrb,1.197
45,16,74,dcrb,1.197
45,20,86,dcrb,1.196
54,4,91,dcrb,1.196
54,4,39,dcrb,1.195
9,7,2,fadc,1.194
27,16,5,fadc,1.194
45,16,79,dcrb,1.194
46,14,53,dcrb,1.194
54,16,21,dcrb,1.194
46,14,48,dcrb,1.193
55,3,35,dcrb,1.193
7,14,3,fadc,1.192
46,14,52,dcrb,1.192
9,16,10,fadc,1.189
27,10,1,fadc,1.188
45,16,33,dcrb,1.188
55,14,56,dcrb,1.188
84,7,1,fadc,1.187
46,3,31,dcrb,1.187
9,7,3,fadc,1.186
9,10,13,fadc,1.186
45,4,94,dcrb,1.186
54,4,79,dcrb,1.186
54,16,46,dcrb,1.186
54,16,52,dcrb,1.186
45,5,7,dcrb,1.185
45,5,10,dcrb,1.185
9,5,11,fadc,1.184
46,14,50,dcrb,1.184
54,4,92,dcrb,1.184
25,3,10,fadc,1.182
7,6,14,fadc,1.181
45,20,83,dcrb,1.181
54,4,66,dcrb,1.181
54,5,5,dcrb,1.181
54,16,74,dcrb,1.181
45,16,56,dcrb,1.18
7,13,9,fadc,1.179
45,16,30,dcrb,1.179
45,16,58,dcrb,1.179
54,4,95,dcrb,1.179
54,16,60,dcrb,1.179
54,4,76,dcrb,1.178
54,16,55,dcrb,1.178
7,13,8,fadc,1.177
45,16,60,dcrb,1.177
45,16,67,dcrb,1.177
54,3,81,dcrb,1.177
54,3,95,dcrb,1.177
54,4,82,dcrb,1.177
54,16,64,dcrb,1.177
45,5,17,dcrb,1.176
45,16,73,dcrb,1.175
84,7,3,fadc,1.174
45,16,70,dcrb,1.174
9,10,6,fadc,1.173
45,20,89,dcrb,1.173
54,4,86,dcrb,1.173
45,4,51,dcrb,1.172
46,3,32,dcrb,1.172
45,16,39,dcrb,1.171
54,3,94,dcrb,1.171
55,14,45,dcrb,1.17
54,16,39,dcrb,1.169
45,16,54,dcrb,1.167
54,4,68,dcrb,1.166
54,16,15,dcrb,1.166
54,4,60,dcrb,1.165
54,4,61,dcrb,1.165
54,16,48,dcrb,1.164
55,3,32,dcrb,1.164
55,3,31,dcrb,1.163
9,6,15,fadc,1.162
54,16,36,dcrb,1.162
7,8,13,fadc,1.161
45,5,1,dcrb,1.161
45,16,12,dcrb,1.16
45,20,95,dcrb,1.159
54,16,24,dcrb,1.159
45,5,2,dcrb,1.158
45,5,11,dcrb,1.158
45,4,84,dcrb,1.157
27,6,9,fadc,1.156
45,16,6,dcrb,1.156
46,14,44,dcrb,1.156
54,16,27,dcrb,1.155
45,4,39,dcrb,1.154
55,14,59,dcrb,1.153
45,16,48,dcrb,1.152
54,4,85,dcrb,1.152
45,4,72,dcrb,1.151
54,16,71,dcrb,1.151
46,14,49,dcrb,1.149
54,16,9,dcrb,1.148
45,5,23,dcrb,1.147
54,4,70,dcrb,1.147
9,6,14,fadc,1.146
45,16,61,dcrb,1.146
45,16,52,dcrb,1.145
45,5,5,dcrb,1.144
45,4,40,dcrb,1.143
45,4,92,dcrb,1.143
46,3,21,dcrb,1.143
45,4,74,dcrb,1.142
45,4,91,dcrb,1.141
54,4,54,dcrb,1.141
54,16,30,dcrb,1.141
46,3,28,dcrb,1.14
46,14,46,dcrb,1.14
54,4,77,dcrb,1.14
54,16,61,dcrb,1.14
45,15,93,dcrb,1.138
7,6,13,fadc,1.137
45,5,8,dcrb,1.137
55,14,68,dcrb,1.137
45,4,82,dcrb,1.136
27,10,3,fadc,1.135
45,4,95,dcrb,1.135
46,14,47,dcrb,1.135
46,14,83,dcrb,1.135
45,16,21,dcrb,1.134
45,16,65,dcrb,1.133
54,16,49,dcrb,1.133
45,16,38,dcrb,1.132
45,16,68,dcrb,1.132
7,6,7,fadc,1.131
54,16,53,dcrb,1.131
45,16,42,dcrb,1.13
46,14,39,dcrb,1.13
45,16,27,dcrb,1.129
55,14,62,dcrb,1.129
54,4,67,dcrb,1.128
54,16,32,dcrb,1.128
45,4,66,dcrb,1.126
55,14,48,dcrb,1.126
45,16,59,dcrb,1.125
54,16,56,dcrb,1.125
9,5,7,fadc,1.124
54,4,83,dcrb,1.124
55,14,52,dcrb,1.124
45,16,62,dcrb,1.123
45,16,71,dcrb,1.123
46,14,42,dcrb,1.123
54,16,59,dcrb,1.123
55,3,28,dcrb,1.122
45,4,85,dcrb,1.121
54,3,88,dcrb,1.12
54,16,3,dcrb,1.12
7,15,11,fadc,1.119
46,3,24,dcrb,1.118
25,3,15,fadc,1.117
46,3,29,dcrb,1.116
54,4,71,dcrb,1.116
45,4,79,dcrb,1.115
45,4,86,dcrb,1.115
45,16,36,dcrb,1.115
54,3,79,dcrb,1.115
54,4,64,dcrb,1.115
54,4,48,dcrb,1.114
45,16,15,dcrb,1.113
45,4,42,dcrb,1.111
55,3,24,dcrb,1.111
45,4,89,dcrb,1.11
27,5,5,fadc,1.109
54,4,33,dcrb,1.109
54,16,28,dcrb,1.109
7,16,3,fadc,1.108
45,4,73,dcrb,1.108
46,3,25,dcrb,1.108
54,16,50,dcrb,1.108
7,18,1,fadc,1.107
45,16,19,dcrb,1.107
27,5,7,fadc,1.106
45,16,50,dcrb,1.106
45,16,3,dcrb,1.105
45,16,9,dcrb,1.105
45,16,34,dcrb,1.105
25,8,13,fadc,1.104
27,6,14,fadc,1.103
54,16,18,dcrb,1.103
25,3,12,fadc,1.102
54,3,92,dcrb,1.102
54,4,80,dcrb,1.102
45,15,57,dcrb,1.101
54,16,47,dcrb,1.101
25,8,14,fadc,1.1
27,5,9,fadc,1.1
55,14,50,dcrb,1.1
27,16,6,fadc,1.098
54,16,16,dcrb,1.098
54,16,37,dcrb,1.098
7,18,3,fadc,1.097
45,4,33,dcrb,1.097
54,16,43,dcrb,1.097
45,16,46,dcrb,1.096
45,16,53,dcrb,1.096
27,10,2,fadc,1.095
45,4,64,dcrb,1.095
45,16,49,dcrb,1.095
46,14,40,dcrb,1.095
45,4,54,dcrb,1.094
54,16,38,dcrb,1.093
45,4,61,dcrb,1.092
45,16,24,dcrb,1.092
54,16,44,dcrb,1.091
55,14,65,dcrb,1.091
45,4,68,dcrb,1.09
54,4,55,dcrb,1.09
9,6,12,fadc,1.088
45,16,31,dcrb,1.088
46,14,41,dcrb,1.086
54,16,14,dcrb,1.086
7,8,11,fadc,1.085
45,4,67,dcrb,1.085
54,3,85,dcrb,1.085
54,16,35,dcrb,1.085
55,3,21,dcrb,1.085
7,15,6,fadc,1.083
25,3,14,fadc,1.083
27,6,15,fadc,1.082
45,4,70,dcrb,1.082
46,14,43,dcrb,1.082
45,4,46,dcrb,1.081
54,16,22,dcrb,1.081
45,4,80,dcrb,1.08
54,4,58,dcrb,1.08
45,16,22,dcrb,1.079
45,16,47,dcrb,1.078
54,4,42,dcrb,1.077
54,16,34,dcrb,1.077
25,6,15,fadc,1.075
9,9,11,fadc,1.074
54,15,93,dcrb,1.074
45,16,43,dcrb,1.073
55,3,29,dcrb,1.073
7,16,0,fadc,1.071
9,9,15,fadc,1.071
45,4,48,dcrb,1.071
45,16,32,dcrb,1.071
45,4,58,dcrb,1.07
45,16,8,dcrb,1.07
53,3,3,dcrb,1.07
55,14,55,dcrb,1.07
54,3,90,dcrb,1.068
54,16,12,dcrb,1.068
55,14,39,dcrb,1.068
9,16,1,fadc,1.064
27,16,2,fadc,1.064
54,16,0,dcrb,1.064
54,16,29,dcrb,1.063
27,5,12,fadc,1.062
9,10,0,fadc,1.061
9,10,1,fadc,1.061
27,7,2,fadc,1.06
45,4,83,dcrb,1.06
45,15,92,dcrb,1.06
46,3,26,dcrb,1.06
54,4,27,dcrb,1.06
54,16,25,dcrb,1.06
45,16,18,dcrb,1.059
45,16,25,dcrb,1.059
45,16,28,dcrb,1.059
54,4,40,dcrb,1.059
54,16,31,dcrb,1.059
54,15,81,dcrb,1.058
45,4,52,dcrb,1.057
45,4,71,dcrb,1.057
55,14,42,dcrb,1.057
25,4,13,fadc,1.056
45,5,74,dcrb,1.056
54,4,46,dcrb,1.056
27,9,4,fadc,1.055
45,16,41,dcrb,1.054
54,4,36,dcrb,1.054
7,13,12,fadc,1.052
45,4,77,dcrb,1.052
54,4,44,dcrb,1.051
54,4,50,dcrb,1.051
54,4,65,dcrb,1.051
45,4,27,dcrb,1.049
27,5,8,fadc,1.048
45,4,41,dcrb,1.047
54,4,59,dcrb,1.046
46,3,22,dcrb,1.045
54,4,49,dcrb,1.045
54,16,13,dcrb,1.045
54,16,19,dcrb,1.043
45,16,37,dcrb,1.042
45,15,90,dcrb,1.041
45,16,2,dcrb,1.041
45,16,16,dcrb,1.041
45,4,65,dcrb,1.04
45,4,59,dcrb,1.039
45,16,4,dcrb,1.039
54,16,26,dcrb,1.039
7,3,12,fadc,1.038
7,8,15,fadc,1.038
27,9,11,fadc,1.038
45,15,91,dcrb,1.038
27,5,11,fadc,1.037
54,15,87,dcrb,1.037
54,16,17,dcrb,1.037
54,16,6,dcrb,1.036
9,6,2,fadc,1.035
55,3,25,dcrb,1.035
55,14,46,dcrb,1.035
9,7,0,fadc,1.034
27,9,13,fadc,1.034
54,16,4,dcrb,1.033
55,14,44,dcrb,1.033
54,16,23,dcrb,1.032
45,4,55,dcrb,1.031
54,3,75,dcrb,1.031
54,3,78,dcrb,1.031
54,16,20,dcrb,1.031
27,15,9,fadc,1.03
45,16,20,dcrb,1.03
54,4,9,dcrb,1.03
27,5,6,fadc,1.029
25,9,0,fadc,1.028
45,4,36,dcrb,1.028
45,4,49,dcrb,1.027
54,4,21,dcrb,1.027
45,4,21,dcrb,1.025
46,14,38,dcrb,1.025
54,3,86,dcrb,1.025
55,14,47,dcrb,1.025
45,4,62,dcrb,1.024
54,4,53,dcrb,1.024
54,16,10,dcrb,1.024
25,4,3,fadc,1.022
25,6,14,fadc,1.021
54,16,7,dcrb,1.021
45,15,84,dcrb,1.02
46,14,37,dcrb,1.02
54,3,84,dcrb,1.02
45,16,26,dcrb,1.019
54,4,15,dcrb,1.019
55,3,26,dcrb,1.019
55,14,53,dcrb,1.018
7,15,15,fadc,1.017
25,9,1,fadc,1.017
45,4,50,dcrb,1.017
45,15,87,dcrb,1.017
45,16,13,dcrb,1.017
54,4,34,dcrb,1.016
45,16,29,dcrb,1.015
46,3,23,dcrb,1.014
46,14,36,dcrb,1.014
45,4,9,dcrb,1.013
54,3,82,dcrb,1.013
54,4,56,dcrb,1.013
7,13,0,fadc,1.012
9,15,12,fadc,1.011
45,16,23,dcrb,1.011
45,16,35,dcrb,1.011
54,4,30,dcrb,1.011
55,3,22,dcrb,1.011
27,7,0,fadc,1.007
45,15,56,dcrb,1.007
9,5,13,fadc,1.006
45,4,15,dcrb,1.006
54,15,78,dcrb,1.006
54,4,38,dcrb,1.005
54,15,75,dcrb,1.005
45,16,17,dcrb,1.004
46,3,18,dcrb,1.004
54,15,90,dcrb,1.004
54,3,80,dcrb,1.003
54,4,43,dcrb,1.003
54,16,8,dcrb,1.003
7,10,9,fadc,1.002
45,4,3,dcrb,1.002
54,4,3,dcrb,1.002
54,16,2,dcrb,1.002
54,16,5,dcrb,1.002
45,16,0,dcrb,1.0
27,5,13,fadc,0.999
27,5,14,fadc,0.999
46,14,33,dcrb,0.999
54,15,88,dcrb,0.999
45,15,81,dcrb,0.998
45,4,53,dcrb,0.997
54,15,40,dcrb,0.996
9,4,15,fadc,0.995
45,4,43,dcrb,0.994
54,16,1,dcrb,0.994
54,3,69,dcrb,0.993
27,16,1,fadc,0.992
45,15,75,dcrb,0.992
55,14,41,dcrb,0.992
45,4,56,dcrb,0.991
54,4,41,dcrb,0.991
54,15,84,dcrb,0.991
54,15,94,dcrb,0.99
9,16,2,fadc,0.989
25,18,1,fadc,0.989
45,4,30,dcrb,0.989
45,16,10,dcrb,0.989
55,14,36,dcrb,0.989
45,15,78,dcrb,0.988
45,16,14,dcrb,0.988
54,3,72,dcrb,0.987
55,3,23,dcrb,0.987
45,16,7,dcrb,0.986
54,15,91,dcrb,0.986
45,3,87,dcrb,0.984
54,4,47,dcrb,0.984
46,14,35,dcrb,0.982
54,16,11,dcrb,0.982
45,4,47,dcrb,0.981
45,3,81,dcrb,0.98
54,15,95,dcrb,0.98
54,4,37,dcrb,0.979
27,15,11,fadc,0.978
55,14,49,dcrb,0.978
7,8,10,fadc,0.977
7,13,7,fadc,0.977
54,15,72,dcrb,0.977
9,5,9,fadc,0.976
45,3,93,dcrb,0.976
45,4,34,dcrb,0.976
9,6,0,fadc,0.975
9,8,2,fadc,0.975
7,14,2,fadc,0.974
9,15,11,fadc,0.974
7,16,4,fadc,0.972
27,9,14,fadc,0.972
46,3,15,dcrb,0.971
55,14,43,dcrb,0.971
7,13,3,fadc,0.97
9,5,8,fadc,0.969
55,3,18,dcrb,0.969
9,16,7,fadc,0.968
25,16,2,fadc,0.966
54,4,32,dcrb,0.965
7,13,14,fadc,0.963
45,3,90,dcrb,0.963
45,4,32,dcrb,0.963
54,4,28,dcrb,0.963
54,15,73,dcrb,0.963
45,16,5,dcrb,0.962
9,9,9,fadc,0.961
54,15,80,dcrb,0.961
55,14,33,dcrb,0.961
46,3,19,dcrb,0.959
54,15,54,dcrb,0.959
54,15,76,dcrb,0.958
7,6,3,fadc,0.957
9,15,14,fadc,0.957
27,16,12,fadc,0.956
54,15,92,dcrb,0.956
55,14,37,dcrb,0.956
45,15,94,dcrb,0.955
45,16,1,dcrb,0.955
46,14,34,dcrb,0.955
45,4,38,dcrb,0.954
25,10,5,fadc,0.953
27,9,15,fadc,0.953
45,16,11,dcrb,0.953
54,15,63,dcrb,0.953
54,15,89,dcrb,0.953
55,14,38,dcrb,0.953
27,9,2,fadc,0.952
45,4,24,dcrb,0.952
9,5,6,fadc,0.951
25,18,10,fadc,0.951
54,15,85,dcrb,0.951
27,6,10,fadc,0.95
46,3,20,dcrb,0.95
54,15,86,dcrb,0.95
55,14,40,dcrb,0.95
25,4,11,fadc,0.949
45,4,18,dcrb,0.949
45,4,37,dcrb,0.949
45,15,60,dcrb,0.949
54,4,24,dcrb,0.949
54,15,82,dcrb,0.949
45,15,63,dcrb,0.948
54,3,73,dcrb,0.948
9,5,12,fadc,0.947
45,15,69,dcrb,0.947
54,15,57,dcrb,0.947
9,4,2,fadc,0.945
9,9,12,fadc,0.945
55,3,15,dcrb,0.945
45,3,84,dcrb,0.942
54,15,79,dcrb,0.942
54,15,69,dcrb,0.941
9,9,13,fadc,0.94
45,15,88,dcrb,0.94
45,4,44,dcrb,0.939
54,4,35,dcrb,0.939
45,15,79,dcrb,0.938
9,16,3,fadc,0.937
9,10,3,fadc,0.935
55,14,35,dcrb,0.935
54,15,83,dcrb,0.934
54,3,89,dcrb,0.933
54,4,31,dcrb,0.933
54,4,18,dcrb,0.932
9,15,15,fadc,0.93
45,15,86,dcrb,0.93
54,3,91,dcrb,0.93
45,4,28,dcrb,0.929
54,15,66,dcrb,0.929
27,7,3,fadc,0.926
54,15,74,dcrb,0.926
54,4,6,dcrb,0.925
27,16,0,fadc,0.924
45,15,76,dcrb,0.922
45,15,95,dcrb,0.922
46,14,30,dcrb,0.922
55,3,19,dcrb,0.922
7,13,2,fadc,0.921
54,3,74,dcrb,0.921
45,15,89,dcrb,0.92
45,15,85,dcrb,0.919
54,15,51,dcrb,0.919
45,4,35,dcrb,0.918
46,14,32,dcrb,0.918
7,18,0,fadc,0.917
27,15,14,fadc,0.917
45,4,31,dcrb,0.917
45,15,51,dcrb,0.917
7,6,2,fadc,0.916
54,15,77,dcrb,0.915
54,15,70,dcrb,0.914
27,9,12,fadc,0.913
45,4,12,dcrb,0.912
55,3,20,dcrb,0.912
45,15,82,dcrb,0.911
9,9,5,fadc,0.91
27,9,8,fadc,0.91
9,9,4,fadc,0.909
9,16,0,fadc,0.909
45,3,69,dcrb,0.909
46,3,16,dcrb,0.909
27,15,15,fadc,0.908
45,4,22,dcrb,0.908
46,14,31,dcrb,0.907
54,4,12,dcrb,0.904
45,4,29,dcrb,0.903
54,4,0,dcrb,0.903
25,16,4,fadc,0.902
27,9,1,fadc,0.902
45,3,75,dcrb,0.902
27,9,9,fadc,0.901
46,3,17,dcrb,0.901
27,6,2,fadc,0.9
45,4,0,dcrb,0.9
27,6,1,fadc,0.899
54,3,65,dcrb,0.898
25,4,5,fadc,0.897
54,4,22,dcrb,0.897
25,5,0,fadc,0.896
54,3,71,dcrb,0.896
9,9,14,fadc,0.895
27,10,14,fadc,0.894
54,3,76,dcrb,0.894
7,13,10,fadc,0.891
9,5,1,fadc,0.891
7,8,14,fadc,0.89
54,3,70,dcrb,0.89
46,14,85,dcrb,0.889
54,3,66,dcrb,0.889
54,15,45,dcrb,0.889
54,15,60,dcrb,0.889
54,15,64,dcrb,0.889
54,15,68,dcrb,0.889
45,15,66,dcrb,0.888
7,8,9,fadc,0.887
45,4,6,dcrb,0.887
45,15,83,dcrb,0.887
46,14,89,dcrb,0.887
7,13,4,fadc,0.886
45,4,25,dcrb,0.885
45,15,50,dcrb,0.884
54,15,41,dcrb,0.884
54,15,71,dcrb,0.884
45,3,94,dcrb,0.883
45,15,68,dcrb,0.883
54,4,29,dcrb,0.883
45,3,78,dcrb,0.882
45,15,77,dcrb,0.881
46,14,27,dcrb,0.881
54,15,39,dcrb,0.881
27,15,13,fadc,0.88
45,15,72,dcrb,0.88
54,4,10,dcrb,0.88
54,4,25,dcrb,0.879
45,4,26,dcrb,0.878
9,16,12,fadc,0.877
45,3,88,dcrb,0.877
54,15,56,dcrb,0.877
46,14,28,dcrb,0.876
27,6,0,fadc,0.875
54,4,16,dcrb,0.875
45,4,16,dcrb,0.874
54,4,23,dcrb,0.874
55,14,31,dcrb,0.874
55,14,34,dcrb,0.874
25,4,8,fadc,0.873
45,15,45,dcrb,0.873
54,3,77,dcrb,0.873
25,10,6,fadc,0.871
25,6,11,fadc,0.87
25,18,0,fadc,0.869
27,6,3,fadc,0.869
45,4,4,dcrb,0.867
45,4,20,dcrb,0.867
46,14,29,dcrb,0.867
54,15,58,dcrb,0.867
55,3,16,dcrb,0.867
9,9,6,fadc,0.866
27,9,7,fadc,0.866
45,15,80,dcrb,0.866
7,5,15,fadc,0.865
27,9,10,fadc,0.865
45,4,23,dcrb,0.865
45,15,64,dcrb,0.865
54,15,67,dcrb,0.864
45,15,74,dcrb,0.862
54,4,26,dcrb,0.862
9,15,7,fadc,0.86
9,15,13,fadc,0.86
54,15,62,dcrb,0.86
27,8,1,fadc,0.859
54,4,4,dcrb,0.859
45,3,91,dcrb,0.858
54,3,83,dcrb,0.858
45,3,76,dcrb,0.857
55,14,30,dcrb,0.857
45,15,70,dcrb,0.856
44,17,92,dcrb,0.855
45,4,10,dcrb,0.855
45,15,67,dcrb,0.855
54,15,65,dcrb,0.855
45,15,73,dcrb,0.854
45,4,19,dcrb,0.853
9,9,1,fadc,0.852
9,9,10,fadc,0.852
25,4,12,fadc,0.852
7,13,5,fadc,0.851
27,15,8,fadc,0.851
45,15,62,dcrb,0.851
45,15,71,dcrb,0.851
54,4,20,dcrb,0.851
55,14,27,dcrb,0.851
9,8,14,fadc,0.85
9,9,8,fadc,0.849
45,3,80,dcrb,0.848
25,4,9,fadc,0.847
9,9,0,fadc,0.846
45,15,58,dcrb,0.846
45,15,61,dcrb,0.846
54,4,19,dcrb,0.846
54,15,42,dcrb,0.846
55,3,17,dcrb,0.846
25,6,12,fadc,0.845
54,3,63,dcrb,0.845
25,10,7,fadc,0.844
45,15,65,dcrb,0.844
25,10,1,fadc,0.843
54,15,48,dcrb,0.843
27,15,7,fadc,0.84
45,4,1,dcrb,0.84
54,15,52,dcrb,0.84
9,15,9,fadc,0.839
46,3,12,dcrb,0.839
7,10,3,fadc,0.837
25,8,12,fadc,0.837
45,15,54,dcrb,0.837
54,15,61,dcrb,0.837
25,16,1,fadc,0.836
46,3,14,dcrb,0.835
54,15,46,dcrb,0.834
45,3,85,dcrb,0.833
45,15,52,dcrb,0.832
54,4,13,dcrb,0.832
45,4,7,dcrb,0.831
45,15,44,dcrb,0.83
25,8,11,fadc,0.829
45,4,13,dcrb,0.828
7,10,7,fadc,0.827
9,9,2,fadc,0.825
45,15,48,dcrb,0.825
46,14,25,dcrb,0.825
46,14,26,dcrb,0.825
7,10,5,fadc,0.824
45,3,79,dcrb,0.824
45,4,17,dcrb,0.824
54,15,38,dcrb,0.823
55,14,28,dcrb,0.823
45,3,72,dcrb,0.822
54,4,7,dcrb,0.822
54,15,55,dcrb,0.822
9,9,3,fadc,0.821
25,6,9,fadc,0.821
45,15,39,dcrb,0.821
46,3,13,dcrb,0.82
27,15,12,fadc,0.818
7,13,15,fadc,0.816
7,15,10,fadc,0.815
9,6,1,fadc,0.815
9,9,7,fadc,0.815
25,17,15,fadc,0.815
46,3,9,dcrb,0.815
54,4,1,dcrb,0.815
54,15,33,dcrb,0.815
54,15,50,dcrb,0.815
9,15,2,fadc,0.814
45,4,11,dcrb,0.814
54,15,28,dcrb,0.813
54,15,59,dcrb,0.813
27,5,10,fadc,0.812
54,4,8,dcrb,0.812
55,14,29,dcrb,0.812
9,15,4,fadc,0.811
54,3,57,dcrb,0.811
54,4,17,dcrb,0.811
27,9,3,fadc,0.81
7,17,15,fadc,0.809
45,15,33,dcrb,0.809
46,14,24,dcrb,0.809
54,4,2,dcrb,0.809
7,13,11,fadc,0.808
9,6,3,fadc,0.808
25,17,14,fadc,0.808
54,15,36,dcrb,0.808
45,15,55,dcrb,0.807
54,4,14,dcrb,0.807
9,15,8,fadc,0.806
27,8,2,fadc,0.806
45,3,82,dcrb,0.806
55,3,12,dcrb,0.806
9,8,1,fadc,0.805
27,15,2,fadc,0.805
54,15,44,dcrb,0.804
9,5,15,fadc,0.802
45,3,63,dcrb,0.802
55,3,14,dcrb,0.802
54,3,68,dcrb,0.801
54,15,49,dcrb,0.801
45,4,2,dcrb,0.8
45,4,14,dcrb,0.799
45,15,59,dcrb,0.799
54,15,53,dcrb,0.799
45,3,89,dcrb,0.798
25,4,14,fadc,0.797
7,17,14,fadc,0.796
27,9,5,fadc,0.796
45,3,92,dcrb,0.796
45,4,8,dcrb,0.796
7,15,14,fadc,0.795
45,3,95,dcrb,0.795
9,15,10,fadc,0.794
45,15,42,dcrb,0.794
45,15,36,dcrb,0.793
54,4,11,dcrb,0.793
25,10,11,fadc,0.791
54,15,47,dcrb,0.791
54,15,43,dcrb,0.79
54,3,60,dcrb,0.789
25,16,3,fadc,0.788
27,9,6,fadc,0.787
54,4,5,dcrb,0.786
27,5,15,fadc,0.785
54,15,27,dcrb,0.785
55,14,26,dcrb,0.785
9,14,11,fadc,0.784
46,14,22,dcrb,0.784
54,15,34,dcrb,0.784
9,5,10,fadc,0.783
25,16,0,fadc,0.781
55,14,25,dcrb,0.779
7,10,8,fadc,0.777
54,3,67,dcrb,0.777
45,3,73,dcrb,0.776
45,15,15,dcrb,0.776
55,3,13,dcrb,0.776
45,3,66,dcrb,0.773
45,3,83,dcrb,0.772
54,15,37,dcrb,0.772
27,8,13,fadc,0.771
54,15,21,dcrb,0.771
9,10,14,fadc,0.769
25,6,10,fadc,0.769
25,8,10,fadc,0.769
25,10,8,fadc,0.769
45,4,5,dcrb,0.769
45,15,53,dcrb,0.768
46,3,10,dcrb,0.768
7,5,13,fadc,0.767
45,3,77,dcrb,0.767
45,15,21,dcrb,0.767
54,3,64,dcrb,0.767
55,14,24,dcrb,0.766
7,17,12,fadc,0.765
9,8,11,fadc,0.765
25,13,1,fadc,0.765
45,3,57,dcrb,0.765
54,3,51,dcrb,0.765
54,15,15,dcrb,0.765
55,3,9,dcrb,0.765
27,8,11,fadc,0.764
45,3,51,dcrb,0.762
45,15,27,dcrb,0.761
46,3,11,dcrb,0.761
7,10,2,fadc,0.76
46,14,23,dcrb,0.76
27,8,15,fadc,0.759
45,15,47,dcrb,0.759
45,3,70,dcrb,0.758
46,14,21,dcrb,0.757
9,8,13,fadc,0.755
45,3,86,dcrb,0.754
27,9,0,fadc,0.753
45,15,40,dcrb,0.753
54,15,30,dcrb,0.753
9,15,0,fadc,0.752
45,3,64,dcrb,0.752
46,3,8,dcrb,0.752
45,3,74,dcrb,0.751
54,15,29,dcrb,0.751
25,8,4,fadc,0.75
7,15,13,fadc,0.749
9,15,1,fadc,0.748
25,15,13,fadc,0.747
45,15,30,dcrb,0.746
7,13,6,fadc,0.745
27,14,11,fadc,0.745
25,5,3,fadc,0.744
27,7,1,fadc,0.744
7,14,11,fadc,0.743
7,15,9,fadc,0.741
25,6,7,fadc,0.741
27,15,4,fadc,0.74
46,14,19,dcrb,0.74
54,15,35,dcrb,0.74
45,3,71,dcrb,0.739
45,15,49,dcrb,0.739
46,14,20,dcrb,0.739
7,10,6,fadc,0.738
46,14,18,dcrb,0.737
25,8,9,fadc,0.736
25,6,8,fadc,0.735
45,15,38,dcrb,0.735
54,15,3,dcrb,0.735
54,15,32,dcrb,0.735
45,15,41,dcrb,0.734
9,6,10,fadc,0.733
9,15,3,fadc,0.733
55,14,22,dcrb,0.733
45,15,34,dcrb,0.731
45,3,67,dcrb,0.73
54,15,31,dcrb,0.728
45,15,37,dcrb,0.727
55,3,11,dcrb,0.727
55,14,23,dcrb,0.727
27,8,12,fadc,0.725
55,3,10,dcrb,0.724
25,15,15,fadc,0.723
54,15,24,dcrb,0.723
7,13,1,fadc,0.721
25,5,1,fadc,0.721
45,15,28,dcrb,0.721
27,15,3,fadc,0.72
45,3,68,dcrb,0.719
25,17,12,fadc,0.718
45,15,24,dcrb,0.717
54,15,9,dcrb,0.717
25,6,3,fadc,0.715
45,15,32,dcrb,0.715
9,14,14,fadc,0.713
54,15,1,dcrb,0.713
54,15,6,dcrb,0.713
27,14,0,fadc,0.712
27,15,0,fadc,0.712
55,14,21,dcrb,0.712
9,8,0,fadc,0.711
27,8,14,fadc,0.711
25,10,13,fadc,0.71
27,15,6,fadc,0.71
54,15,18,dcrb,0.709
55,14,20,dcrb,0.709
45,15,9,dcrb,0.708
54,14,93,dcrb,0.708
45,15,18,dcrb,0.707
45,15,26,dcrb,0.707
45,15,35,dcrb,0.707
54,15,25,dcrb,0.707
7,15,12,fadc,0.706
45,15,12,dcrb,0.706
45,15,31,dcrb,0.706
55,3,8,dcrb,0.706
45,3,54,dcrb,0.705
45,3,60,dcrb,0.703
54,15,0,dcrb,0.702
25,15,11,fadc,0.701
54,15,26,dcrb,0.701
29,8,2,fadc,0.7
46,3,6,dcrb,0.7
54,15,12,dcrb,0.7
54,15,22,dcrb,0.7
54,3,54,dcrb,0.698
9,8,9,fadc,0.697
9,14,13,fadc,0.697
25,17,11,fadc,0.697
7,3,2,fadc,0.696
9,3,6,fadc,0.696
25,13,3,fadc,0.695
45,15,3,dcrb,0.693
45,15,25,dcrb,0.693
45,15,46,dcrb,0.693
55,14,19,dcrb,0.692
45,15,22,dcrb,0.69
46,14,14,dcrb,0.688
54,3,58,dcrb,0.688
27,8,10,fadc,0.687
45,3,48,dcrb,0.687
54,15,13,dcrb,0.687
25,13,2,fadc,0.686
25,8,8,fadc,0.685
7,15,7,fadc,0.684
25,13,4,fadc,0.684
45,14,93,dcrb,0.684
45,15,43,dcrb,0.684
54,15,16,dcrb,0.684
54,15,19,dcrb,0.684
54,15,23,dcrb,0.684
46,3,7,dcrb,0.682
45,5,62,dcrb,0.681
54,15,20,dcrb,0.681
55,14,18,dcrb,0.681
9,14,0,fadc,0.68
25,10,15,fadc,0.68
54,3,45,dcrb,0.68
27,8,8,fadc,0.679
27,14,13,fadc,0.679
46,14,16,dcrb,0.676
46,14,17,dcrb,0.675
7,10,14,fadc,0.673
9,8,12,fadc,0.673
45,3,58,dcrb,0.673
45,15,29,dcrb,0.673
54,3,62,dcrb,0.673
7,5,11,fadc,0.672
9,14,15,fadc,0.672
27,15,10,fadc,0.672
27,14,14,fadc,0.669
54,3,61,dcrb,0.668
7,14,12,fadc,0.667
54,14,87,dcrb,0.666
27,13,15,fadc,0.665
45,15,13,dcrb,0.665
55,14,17,dcrb,0.665
45,3,65,dcrb,0.664
45,15,16,dcrb,0.664
25,4,10,fadc,0.663
45,15,20,dcrb,0.663
54,15,17,dcrb,0.663
25,10,14,fadc,0.662
45,15,19,dcrb,0.662
54,14,88,dcrb,0.662
7,15,4,fadc,0.661
9,15,6,fadc,0.661
55,14,16,dcrb,0.661
45,3,45,dcrb,0.66
25,15,14,fadc,0.659
46,14,15,dcrb,0.658
27,8,0,fadc,0.657
54,3,42,dcrb,0.657
7,3,3,fadc,0.656
45,15,23,dcrb,0.656
54,15,10,dcrb,0.656
45,15,6,dcrb,0.655
55,3,7,dcrb,0.655
45,15,10,dcrb,0.654
54,14,90,dcrb,0.654
55,14,14,dcrb,0.652
7,10,11,fadc,0.651
25,6,6,fadc,0.651
27,14,15,fadc,0.651
45,14,87,dcrb,0.651
27,8,9,fadc,0.65
54,15,11,dcrb,0.65
45,14,94,dcrb,0.649
54,15,2,dcrb,0.649
54,15,14,dcrb,0.649
27,15,1,fadc,0.648
9,13,15,fadc,0.646
9,8,8,fadc,0.645
54,15,7,dcrb,0.645
25,13,11,fadc,0.644
54,15,8,dcrb,0.644
7,14,0,fadc,0.643
45,3,62,dcrb,0.643
54,3,59,dcrb,0.643
9,5,14,fadc,0.642
45,3,52,dcrb,0.641
45,3,61,dcrb,0.641
55,3,6,dcrb,0.641
25,6,4,fadc,0.64
54,15,4,dcrb,0.64
55,14,32,dcrb,0.64
7,8,12,fadc,0.639
25,8,7,fadc,0.639
25,10,12,fadc,0.639
54,3,15,dcrb,0.639
9,14,12,fadc,0.638
25,6,5,fadc,0.636
45,15,0,dcrb,0.636
45,15,4,dcrb,0.635
27,15,5,fadc,0.633
45,3,55,dcrb,0.632
25,10,9,fadc,0.631
27,16,13,fadc,0.63
45,3,39,dcrb,0.63
45,3,59,dcrb,0.63
54,3,39,dcrb,0.63
9,14,9,fadc,0.629
54,14,94,dcrb,0.629
29,8,0,fadc,0.628
46,3,4,dcrb,0.628
7,5,14,fadc,0.627
7,17,13,fadc,0.627
27,7,15,fadc,0.626
46,3,5,dcrb,0.626
46,14,12,dcrb,0.626
54,3,48,dcrb,0.626
54,14,81,dcrb,0.626
55,14,15,dcrb,0.626
9,16,13,fadc,0.625
84,8,2,fadc,0.625
54,14,84,dcrb,0.625
9,8,10,fadc,0.623
45,14,90,dcrb,0.623
45,15,14,dcrb,0.623
54,3,55,dcrb,0.622
7,17,11,fadc,0.621
25,17,9,fadc,0.621
45,15,17,dcrb,0.621
46,14,10,dcrb,0.621
55,3,5,dcrb,0.621
7,15,8,fadc,0.62
25,13,5,fadc,0.62
7,6,0,fadc,0.619
45,15,11,dcrb,0.618
27,14,9,fadc,0.617
54,14,75,dcrb,0.616
54,14,95,dcrb,0.616
25,13,0,fadc,0.615
54,14,89,dcrb,0.615
45,14,95,dcrb,0.614
45,3,53,dcrb,0.613
54,14,91,dcrb,0.613
45,3,56,dcrb,0.612
46,14,13,dcrb,0.612
25,13,7,fadc,0.611
45,3,42,dcrb,0.611
45,15,7,dcrb,0.611
45,15,1,dcrb,0.609
54,15,5,dcrb,0.609
7,15,3,fadc,0.606
25,8,6,fadc,0.606
27,8,7,fadc,0.606
45,14,81,dcrb,0.606
7,3,1,fadc,0.605
25,13,9,fadc,0.604
25,17,8,fadc,0.604
25,10,4,fadc,0.602
54,14,92,dcrb,0.601
27,14,12,fadc,0.6
45,15,2,dcrb,0.6
45,15,8,dcrb,0.6
54,14,86,dcrb,0.599
54,3,33,dcrb,0.598
25,4,15,fadc,0.597
55,14,13,dcrb,0.596
7,10,15,fadc,0.595
46,14,11,dcrb,0.595
45,15,5,dcrb,0.594
7,10,12,fadc,0.593
27,8,6,fadc,0.593
54,3,52,dcrb,0.593
45,3,49,dcrb,0.592
9,8,4,fadc,0.591
25,10,2,fadc,0.591
9,8,7,fadc,0.59
27,14,4,fadc,0.59
7,10,0,fadc,0.589
7,14,14,fadc,0.589
27,14,8,fadc,0.589
45,14,84,dcrb,0.589
25,5,12,fadc,0.588
45,14,75,dcrb,0.588
45,14,92,dcrb,0.588
54,3,56,dcrb,0.588
9,7,14,fadc,0.587
45,3,50,dcrb,0.587
46,3,2,dcrb,0.587
54,14,78,dcrb,0.586
45,14,88,dcrb,0.585
54,3,53,dcrb,0.585
54,14,82,dcrb,0.585
55,3,4,dcrb,0.585
54,14,85,dcrb,0.584
45,3,46,dcrb,0.583
45,14,78,dcrb,0.582
54,14,76,dcrb,0.581
45,14,91,dcrb,0.579
7,8,8,fadc,0.578
54,3,50,dcrb,0.578
55,3,2,dcrb,0.578
7,17,10,fadc,0.577
9,14,8,fadc,0.577
45,14,89,dcrb,0.577
54,3,46,dcrb,0.576
7,5,12,fadc,0.575
46,14,7,dcrb,0.575
55,14,12,dcrb,0.575
45,3,33,dcrb,0.574
45,14,85,dcrb,0.574
54,3,49,dcrb,0.574
46,14,9,dcrb,0.573
45,14,82,dcrb,0.572
25,13,6,fadc,0.571
45,14,76,dcrb,0.571
46,3,1,dcrb,0.571
46,14,8,dcrb,0.571
55,14,11,dcrb,0.57
7,8,2,fadc,0.569
9,8,6,fadc,0.569
45,3,44,dcrb,0.569
54,14,69,dcrb,0.569
7,15,5,fadc,0.568
7,5,10,fadc,0.567
45,14,86,dcrb,0.567
9,14,6,fadc,0.566
27,14,5,fadc,0.566
45,14,69,dcrb,0.566
54,14,83,dcrb,0.565
9,8,3,fadc,0.564
55,14,8,dcrb,0.564
46,14,6,dcrb,0.563
9,15,5,fadc,0.562
45,3,43,dcrb,0.562
9,13,13,fadc,0.56
7,8,4,fadc,0.558
54,14,74,dcrb,0.558
54,14,80,dcrb,0.558
25,17,10,fadc,0.556
27,13,14,fadc,0.556
54,14,72,dcrb,0.556
25,15,12,fadc,0.555
27,8,5,fadc,0.555
45,14,72,dcrb,0.554
54,3,37,dcrb,0.553
54,3,47,dcrb,0.553
7,17,9,fadc,0.552
7,15,2,fadc,0.55
9,14,5,fadc,0.548
45,14,63,dcrb,0.546
45,14,83,dcrb,0.546
54,14,79,dcrb,0.545
55,3,1,dcrb,0.545
55,14,10,dcrb,0.545
7,8,5,fadc,0.544
45,14,77,dcrb,0.544
45,14,79,dcrb,0.544
54,3,36,dcrb,0.543
54,3,44,dcrb,0.543
54,14,77,dcrb,0.543
54,14,63,dcrb,0.542
54,14,73,dcrb,0.542
27,8,4,fadc,0.541
55,14,9,dcrb,0.541
25,10,10,fadc,0.54
25,13,8,fadc,0.54
45,3,36,dcrb,0.54
9,13,14,fadc,0.539
44,3,89,dcrb,0.538
9,14,7,fadc,0.537
27,7,14,fadc,0.537
45,3,40,dcrb,0.537
45,3,47,dcrb,0.537
45,14,80,dcrb,0.536
54,14,68,dcrb,0.536
27,14,7,fadc,0.533
54,14,70,dcrb,0.532
7,14,15,fadc,0.528
9,8,15,fadc,0.528
27,14,10,fadc,0.527
25,8,5,fadc,0.526
7,15,1,fadc,0.525
27,14,6,fadc,0.525
45,14,57,dcrb,0.525
9,14,4,fadc,0.524
25,6,2,fadc,0.524
7,14,13,fadc,0.523
54,14,66,dcrb,0.523
25,17,4,fadc,0.522
9,14,10,fadc,0.521
54,3,43,dcrb,0.519
27,3,6,fadc,0.517
45,14,74,dcrb,0.517
54,14,71,dcrb,0.517
54,3,40,dcrb,0.516
27,14,3,fadc,0.515
45,14,73,dcrb,0.515
54,3,38,dcrb,0.515
25,13,13,fadc,0.514
84,13,10,fadc,0.511
55,14,7,dcrb,0.511
45,14,66,dcrb,0.51
45,14,70,dcrb,0.509
46,14,1,dcrb,0.509
46,14,5,dcrb,0.507
25,14,3,fadc,0.506
25,17,6,fadc,0.506
45,3,38,dcrb,0.504
54,3,41,dcrb,0.504
25,15,8,fadc,0.503
45,14,64,dcrb,0.502
27,14,2,fadc,0.501
54,14,64,dcrb,0.501
